:020000040800F2
:100000000050002015140008713A0008793A0008E1
:10001000813A0008893A0008913A0008000000007F
:10002000000000000000000000000000993A0008F5
:10003000A53A000800000000B13A0008BD3A0008E7
:100040005D1400085D1400085D1400085D140008CC
:100050005D1400085D1400085D1400085D140008BC
:100060005D140008C93A0008D73A00085D1400087A
:100070005D1400085D1400085D1400085D1400089C
:100080005D1400085D1400085D1400085D1400088C
:100090005D1400085D1400085D140008E53A0008CE
:1000A0005D1400085D1400085D1400085D1400086C
:1000B0005D1400085D1400085D1400085D1400085C
:1000C0005D1400085D1400085D1400085D1400084C
:1000D0005D140008F53A00085D140008093B0008AB
:1000E0005D1400085D1400085D14000800000000A5
:1000F0000000000000000000000000000000000000
:0C01000000000000000000005FF808F1A3
:1001100010B5054C237833B9044B13B10448AFF341
:1001200000800123237010BDD801002000000000D2
:10013000A89C000808B5034B1BB103490348AFF363
:10014000008008BD00000000DC010020A89C000821
:10015000034613F8012B002AFBD1181A0138704707
:1001600081F0004102E000BF83F0004330B54FEA68
:1001700041044FEA430594EA050F08BF90EA020FD5
:100180001FBF54EA000C55EA020C7FEA645C7FEA68
:10019000655C00F0E2804FEA5454D4EB5555B8BF8B
:1001A0006D420CDD2C4480EA020281EA030382EAFC
:1001B000000083EA010180EA020281EA0303362D8E
:1001C00088BF30BD11F0004F4FEA01314FF4801C61
:1001D0004CEA113102D0404261EB410113F0004F73
:1001E0004FEA03334CEA133302D0524263EB43032A
:1001F00094EA050F00F0A780A4F10104D5F1200EC8
:100200000DDB02FA0EFC22FA05F2801841F1000122
:1002100003FA0EF2801843FA05F359410EE0A5F1F6
:1002200020050EF1200E012A03FA0EFC28BF4CF027
:10023000020C43FA05F3C01851EBE37101F00045DD
:1002400007D54FF0000EDCF1000C7EEB00006EEBEA
:100250000101B1F5801F1BD3B1F5001F0CD3490874
:100260005FEA30004FEA3C0C04F101044FEA4452CB
:1002700012F5800F80F09A80BCF1004F08BF5FEA52
:10028000500C50F1000041EB045141EA050130BD32
:100290005FEA4C0C404141EB0101013C28BFB1F544
:1002A000801FE9D291F0000F04BF01460020B1FA8F
:1002B00081F308BF2033A3F10B03B3F120020CDA62
:1002C0000C3208DD02F1140CC2F10C0201FA0CF040
:1002D00021FA02F10CE002F11402D8BFC2F1200CA5
:1002E00001FA02F120FA0CFCDCBF41EA0C0190405B
:1002F000E41AA2BF01EB0451294330BD6FEA0404A4
:100300001F3C1CDA0C340EDC04F11404C4F120028E
:1003100020FA04F001FA02F340EA030021FA04F3A0
:1003200045EA030130BDC4F10C04C4F1200220FAF7
:1003300002F001FA04F340EA0300294630BD21FA35
:1003400004F0294630BD94F0000F83F4801306BFFB
:1003500081F480110134013D4EE77FEA645C18BFEF
:100360007FEA655C29D094EA050F08BF90EA020F86
:1003700005D054EA000C04BF1946104630BD91EA7E
:10038000030F1EBF0021002030BD5FEA545C05D181
:100390004000494128BF41F0004130BD14F58004C0
:1003A0003CBF01F5801130BD01F0004545F0FE4134
:1003B00041F470014FF0000030BD7FEA645C1ABF69
:1003C000194610467FEA655C1CBF0B46024650EAA0
:1003D000013406BF52EA033591EA030F41F40021CC
:1003E00030BD00BF90F0000F04BF0021704730B552
:1003F0004FF4806404F132044FF000054FF0000127
:1004000050E700BF90F0000F04BF0021704730B5E7
:100410004FF4806404F1320410F0004548BF4042BC
:100420004FF000013EE700BF42004FEAE2014FEA11
:1004300031014FEA02701FBF12F07F4393F07F4FEC
:1004400081F06051704732F07F4208BF704793F0EF
:100450007F4F04BF41F40021704730B54FF4607402
:1004600001F0004521F000411CE700BF50EA010205
:1004700008BF704730B54FF000050AE050EA0102AE
:1004800008BF704730B511F0004502D5404261EB1E
:1004900041014FF4806404F132045FEA915C3FF45F
:1004A000D8AE4FF003025FEADC0C18BF03325FEAFC
:1004B000DC0C18BF033202EBDC02C2F1200300FAAD
:1004C00003FC20FA02F001FA03FE40EA0E0021FAD2
:1004D00002F11444BDE600BF70B54FF0FF0C4CF4C0
:1004E000E06C1CEA11541DBF1CEA135594EA0C0F72
:1004F00095EA0C0F00F0DEF82C4481EA030621EAAD
:100500004C5123EA4C5350EA013518BF52EA0335E7
:1005100041F4801143F4801338D0A0FB02CE4FF099
:100520000005E1FB02E506F00042E0FB03E54FF0C9
:100530000006E1FB03569CF0000F18BF4EF0010EC1
:10054000A4F1FF04B6F5007F64F5407404D25FEABD
:100550004E0E6D4146EB060642EAC62141EA555170
:100560004FEAC52040EA5E504FEACE2EB4F1FD0CB2
:1005700088BFBCF5E06F1ED8BEF1004F08BF5FEA30
:10058000500E50F1000041EB045170BD06F00046E2
:1005900046EA010140EA020081EA0301B4EB5C048F
:1005A000C2BFD4EB0C0541EA045170BD41F4801187
:1005B0004FF0000E013C00F3AB8014F1360FDEBFAC
:1005C000002001F0004170BDC4F10004203C35DA88
:1005D0000C341BDC04F11404C4F1200500FA05F30B
:1005E00020FA04F001FA05F240EA020001F00042AC
:1005F00021F0004110EBD37021FA04F642EB060122
:100600005EEA430E08BF20EAD37070BDC4F10C044B
:10061000C4F1200500FA04F320FA05F001FA04F20F
:1006200040EA020001F0004110EBD37041F10001FB
:100630005EEA430E08BF20EAD37070BDC4F1200506
:1006400000FA05F24EEA020E20FA04F301FA05F26E
:1006500043EA020321FA04F001F0004121FA04F216
:1006600020EA020000EBD3705EEA430E08BF20EAE6
:10067000D37070BD94F0000F0FD101F00046400020
:1006800041EB010111F4801F08BF013CF7D041EAA2
:10069000060195F0000F18BF704703F000465200A6
:1006A00043EB030313F4801F08BF013DF7D043EA77
:1006B0000603704794EA0C0F0CEA135518BF95EA2D
:1006C0000C0F0CD050EA410618BF52EA4306D1D1B4
:1006D00081EA030101F000414FF0000070BD50EAD3
:1006E000410606BF1046194652EA430619D094EA5D
:1006F0000C0F02D150EA013613D195EA0C0F05D147
:1007000052EA03361CBF104619460AD181EA03019A
:1007100001F0004141F0FE4141F470014FF0000052
:1007200070BD41F0FE4141F4780170BD70B54FF0ED
:10073000FF0C4CF4E06C1CEA11541DBF1CEA13556D
:1007400094EA0C0F95EA0C0F00F0A7F8A4EB05044F
:1007500081EA030E52EA03354FEA013100F0888046
:100760004FEA03334FF0805545EA131343EA12630F
:100770004FEA022245EA111545EA10654FEA0026C4
:100780000EF000419D4208BF964244F1FD0404F57D
:10079000407402D25B084FEA3202B61A65EB0305D9
:1007A0005B084FEA32024FF480104FF4002CB6EB96
:1007B000020E75EB030E22BFB61A754640EA0C0016
:1007C0005B084FEA3202B6EB020E75EB030E22BF56
:1007D000B61A754640EA5C005B084FEA3202B6EB97
:1007E000020E75EB030E22BFB61A754640EA9C0056
:1007F0005B084FEA3202B6EB020E75EB030E22BF26
:10080000B61A754640EADC0055EA060E18D04FEAE3
:10081000051545EA16754FEA06164FEAC30343EA83
:1008200052734FEAC2025FEA1C1CC0D111F4801F50
:100830000BD141EA00014FF000004FF0004CB6E749
:1008400011F4801F04BF01430020B4F1FD0C88BFE8
:10085000BCF5E06F3FF6AFAEB5EB030C04BFB6EBF3
:10086000020C5FEA500C50F1000041EB045170BDE6
:100870000EF0004E4EEA113114EB5C04C2BFD4EB13
:100880000C0541EA045170BD41F480114FF0000E97
:10089000013C90E645EA060E8DE60CEA135594EA13
:1008A0000C0F08BF95EA0C0F3FF43BAF94EA0C0F16
:1008B0000AD150EA01347FF434AF95EA0C0F7FF48B
:1008C00025AF104619462CE795EA0C0F06D152EADF
:1008D00003353FF4FDAE1046194622E750EA4106C3
:1008E00018BF52EA43067FF4C5AE50EA41047FF4D4
:1008F0000DAF52EA43057FF4EBAE12E74FF0FF3C39
:1009000006E000BF4FF0010C02E000BF4FF0010C09
:100910004DF804CD4FEA410C7FEA6C5C4FEA430C82
:1009200018BF7FEA6C5C1BD001B050EA410C0CBFD1
:1009300052EA430C91EA030F02BF90EA020F002033
:10094000704710F1000F91EA030F58BF994208BF9A
:1009500090422CBFD8176FEAE37040F00100704757
:100960004FEA410C7FEA6C5C02D150EA013C07D1AE
:100970004FEA430C7FEA6C5CD6D152EA033CD3D0F9
:100980005DF8040B704700BF8446104662468C46F3
:100990001946634600E000BF01B5FFF7B7FF002826
:1009A00048BF10F1000F01BD4DF808EDFFF7F4FF4F
:1009B0000CBF012000205DF808FB00BF4DF808EDDA
:1009C000FFF7EAFF34BF012000205DF808FB00BFFD
:1009D0004DF808EDFFF7E0FF94BF012000205DF81F
:1009E00008FB00BF4DF808EDFFF7CEFF94BF0120D4
:1009F00000205DF808FB00BF4DF808EDFFF7C4FFCD
:100A000034BF012000205DF808FB00BF4FEA410C15
:100A10007FEA6C5C02D150EA013C0AD14FEA430CF8
:100A20007FEA6C5C02D152EA033C02D14FF0000035
:100A300070474FF0010070474FEA410212F5001273
:100A400015D211D56FF47873B3EB625212D94FEA15
:100A5000C12343F0004343EA505311F0004F23FAFF
:100A600002F018BF404270474FF00000704750EA54
:100A7000013005D111F0004008BF6FF00040704711
:100A80004FF00000704700BF80F0004002E000BF60
:100A900081F0004142001FBF5FEA410392EA030F69
:100AA0007FEA226C7FEA236C6AD04FEA1262D2EBB3
:100AB0001363C1BFD218414048404140B8BF5B42B8
:100AC000192B88BF704710F0004F40F4000020F051
:100AD0007F4018BF404211F0004F41F4000121F067
:100AE0007F4118BF494292EA030F3FD0A2F10102B1
:100AF00041FA03FC10EB0C00C3F1200301FA03F1EF
:100B000000F0004302D5494260EB4000B0F5000F11
:100B100013D3B0F1807F06D340084FEA310102F1D0
:100B20000102FE2A51D2B1F1004F40EBC25008BF82
:100B300020F0010040EA03007047490040EB00004C
:100B4000013A28BFB0F5000FEDD2B0FA80FCACF14D
:100B5000080CB2EB0C0200FA0CF0AABF00EBC2507A
:100B600052421843BCBFD0401843704792F0000F68
:100B700081F4000106BF80F400000132013BB5E7BB
:100B80004FEA41037FEA226C18BF7FEA236C21D031
:100B900092EA030F04D092F0000F08BF0846704796
:100BA00090EA010F1CBF0020704712F07F4F04D164
:100BB000400028BF40F00040704712F100723CBF77
:100BC00000F50000704700F0004343F0FE4040F4A1
:100BD000000070477FEA226216BF08467FEA23635F
:100BE0000146420206BF5FEA412390EA010F40F44A
:100BF000800070474FF0000304E000BF10F0004396
:100C000048BF40425FEA000C08BF704743F096437C
:100C100001464FF000001CE050EA010208BF704797
:100C20004FF000030AE000BF50EA010208BF70471E
:100C300011F0004302D5404261EB41015FEA010C33
:100C400002BF84460146002043F0B64308BFA3F12B
:100C50008053A3F50003BCFA8CF2083AA3EBC2530D
:100C600010DB01FA02FC634400FA02FCC2F120022C
:100C7000BCF1004F20FA02F243EB020008BF20F063
:100C80000100704702F1200201FA02FCC2F12002C9
:100C900050EA4C0021FA02F243EB020008BF20EABE
:100CA000DC7070474FF0FF0C1CEAD0521EBF1CEAEC
:100CB000D15392EA0C0F93EA0C0F6FD01A4480EADA
:100CC000010C400218BF5FEA41211ED04FF00063C3
:100CD00043EA501043EA5111A0FB01310CF00040EF
:100CE000B1F5000F3EBF490041EAD3715B0040EA15
:100CF000010062F17F02FD2A1DD8B3F1004F40EBE5
:100D0000C25008BF20F00100704790F0000F0CF0B7
:100D1000004C08BF49024CEA502040EA51207F3A7B
:100D2000C2BFD2F1FF0340EAC250704740F4000056
:100D30004FF00003013A5DDC12F1190FDCBF00F047
:100D400000407047C2F10002410021FA02F1C2F1F5
:100D5000200200FA02FC5FEA310040F1000053EA91
:100D60004C0308BF20EADC70704792F0000F00F0DF
:100D7000004C02BF400010F4000F013AF9D040EAE5
:100D80000C0093F0000F01F0004C02BF490011F479
:100D9000000F013BF9D041EA0C018FE70CEAD15377
:100DA00092EA0C0F18BF93EA0C0F0AD030F0004CF7
:100DB00018BF31F0004CD8D180EA010000F00040AB
:100DC000704790F0000F17BF90F0004F084691F069
:100DD000000F91F0004F14D092EA0C0F01D14202A3
:100DE0000FD193EA0C0F03D14B0218BF084608D16C
:100DF00080EA010000F0004040F0FE4040F40000B6
:100E0000704740F0FE4040F4400070474FF0FF0C48
:100E10001CEAD0521EBF1CEAD15392EA0C0F93EA8F
:100E20000C0F69D0A2EB030280EA010C49024FEAE1
:100E3000402037D04FF0805343EA111143EA10139A
:100E40000CF000408B4238BF5B0042F17D024FF452
:100E5000000C8B4224BF5B1A40EA0C00B3EB510F2D
:100E600024BFA3EB510340EA5C00B3EB910F24BF16
:100E7000A3EB910340EA9C00B3EBD10F24BFA3EB9B
:100E8000D10340EADC001B0118BF5FEA1C1CE0D163
:100E9000FD2A3FF650AF8B4240EBC25008BF20F016
:100EA000010070470CF0004C4CEA50207F32C2BF6A
:100EB000D2F1FF0340EAC250704740F400004FF007
:100EC0000003013A37E792F0000F00F0004C02BF38
:100ED000400010F4000F013AF9D040EA0C0093F002
:100EE000000F01F0004C02BF490011F4000F013B5C
:100EF000F9D041EA0C0195E70CEAD15392EA0C0FC4
:100F000008D142027FF47DAF93EA0C0F7FF470AFFB
:100F1000084676E793EA0C0F04D14B023FF44CAF3E
:100F200008466EE730F0004C18BF31F0004CCAD1D3
:100F300030F000427FF45CAF31F000437FF43CAF0F
:100F40005FE700BF4FF0FF3C06E000BF4FF0010C31
:100F500002E000BF4FF0010C4DF804CD4FEA400213
:100F60004FEA41037FEA226C18BF7FEA236C11D05D
:100F700001B052EA530C18BF90EA010F58BFB2EB10
:100F8000030088BFC81738BF6FEAE17018BF40F090
:100F9000010070477FEA226C02D15FEA402C05D144
:100FA0007FEA236CE4D15FEA412CE1D05DF8040BC9
:100FB000704700BF844608466146FFE70FB5FFF75C
:100FC000C9FF002848BF10F1000F0FBD4DF808ED14
:100FD000FFF7F4FF0CBF012000205DF808FB00BF05
:100FE0004DF808EDFFF7EAFF34BF012000205DF85F
:100FF00008FB00BF4DF808EDFFF7E0FF94BF0120AC
:1010000000205DF808FB00BF4DF808EDFFF7D2FFA8
:1010100094BF012000205DF808FB00BF4DF808EDEB
:10102000FFF7C8FF34BF012000205DF808FB00BFB8
:101030004FEA4002B2F1FE4F0FD34FF09E03B3EBE5
:1010400012620DD94FEA002343F0004310F0004F25
:1010500023FA02F018BF404270474FF0000070477B
:1010600012F1610F01D1420205D110F0004008BF1A
:101070006FF0004070474FF0000070477BB972B9C5
:101080000029BEBF00204FF0004106E008BF002845
:101090001CBF6FF000414FF0FF3000F0B9B9ADF167
:1010A000080C6DE904CE002909DB002B1ADB00F0E7
:1010B00035F8DDF804E0DDE9022304B07047404272
:1010C00061EB4101002B1BDB00F028F8DDF804E0A8
:1010D000DDE9022304B0404261EB4101524263EB7F
:1010E00043037047524263EB430300F017F8DDF807
:1010F00004E0DDE9022304B0404261EB41017047A6
:10110000524263EB430300F009F8DDF804E0DDE947
:10111000022304B0524263EB430370472DE9F047CA
:10112000089D0F4604468E46002B48D18A4216463B
:1011300061D9B2FA82F24AB1C2F1200301FA02FE89
:1011400020FA03F3964043EA0E0E94404FEA164C01
:10115000BEFBFCF1B7B20CFB11EE01FB07F0230C58
:1011600043EA0E43984209D9F31801F1FF3E80F09B
:10117000ED80984240F2EA80023933441B1AB3FBF7
:10118000FCF00CFB103300FB07F7A4B244EA034465
:10119000A74209D9341900F1FF3380F0D980A74262
:1011A00040F2D6803444023840EA01400021E41B7A
:1011B0001DB10023D440C5E90043BDE8F0878B4250
:1011C00006D90DB1C5E9000100210846BDE8F08748
:1011D000B3FA83F1002947D1BB4202D3824200F225
:1011E0000481841A67EB030201209646002DE4D0A7
:1011F000C5E9004EE1E7002A00F09080B2FA82F2E1
:10120000002A40F0A780881B0121370C1FFA86FEB8
:10121000B0FBF7FC07FB1C00230C43EA00430EFB6A
:101220000CF0984207D9F3180CF1FF3802D298421B
:1012300000F2E080C4461B1AB3FBF7F007FB103343
:101240000EFB00FEA4B244EA0344A64507D93419B4
:1012500000F1FF3302D2A64500F2C9801846A4EB84
:101260000E0440EA0C40A3E7C1F120068B4022FAAD
:1012700006FC4CEA030C27FA06FA4FEA1C49BAFBB3
:10128000F9F88F4020FA06F309FB18AA1FFA8CFE22
:101290003B4300FA01F708FB0EF01C0C44EA0A4439
:1012A000A04202FA01F20BD91CEB040408F1FF3A48
:1012B00080F09980A04240F29680A8F10208644430
:1012C000241A98B2B4FBF9F309FB134403FB0EFE96
:1012D00040EA0444A64508D91CEB040403F1FF309E
:1012E0007FD2A6457DD9023B644443EA0840A4EB83
:1012F0000E04A0FB028E74454346F14661D35ED0D6
:1013000055B1FA1A64EB090404FA06F622FA01F35D
:101310001E43CC40C5E9006400214EE743084FEA74
:10132000510C43EAC1710A0C42EA0C428BB2C40769
:10133000B2FBF6F143EA0243BCFBF6FCB64630468C
:1013400037461F22181A41EA0C4161E7714615E73A
:10135000184629E7C2F1200321FA03F0964024FA47
:1013600003F397403B43370CB0FBF7F807FB18003B
:101370001FFA86FE190C41EA004108FB0EF0884274
:1013800004FA02F43AD9711808F1FF3C01D28842FC
:101390001ED8091AB1FBF7F808FB0EF007FB18116D
:1013A0009BB243EA014383422FD2F31808F1FF3185
:1013B000C8D28342C6D2A8F102013344C2E74745EE
:1013C0009ED2B8EB02036EEB0C0E0138F14697E7A4
:1013D000301A0144A8F1020CB1FBF7F808FB0EF03B
:1013E000DCE7034681E7D0466AE70846FEE6344478
:1013F000023834E7ACF1020C33441CE7091AC44646
:10140000B1FBF7F808FB0EF0C8E741469AE700BFCA
:10141000704700BF02F044FC0B480C490C4A002303
:1014200002E0D458C4500433C4188C42F9D3094A9A
:10143000094C002301E013600432A242FBD306F002
:10144000A5FB00F0D7FA704700000020D80100206B
:1014500090A20008D8010020A8060020FEE70000A6
:1014600080B588B000AF07F1100300221A605A60FF
:101470009A60DA60504B9B694F4A43F010039361C6
:101480004D4B9B6903F01003FB60FB684A4B9B6963
:10149000494A43F020039361474B9B6903F02003C3
:1014A000BB60BB68444B9B69434A43F004039361B0
:1014B000414B9B6903F004037B607B683E4B9B6957
:1014C0003D4A43F0080393613B4B9B6903F00803DB
:1014D0003B603B6800224FF40051384803F0C3FAE8
:1014E00000226021364803F0BEFA002243F20221B6
:1014F000344803F0B8FA4FF400533B6101237B6199
:101500000023BB610223FB6107F1100319462B483E
:1015100003F00EF960233B6101237B610023BB6173
:101520000223FB6107F110031946254803F000F977
:1015300043F202233B6101237B610023BB61022351
:10154000FB6107F1100319461E4803F0F1F8382338
:101550003B611D4B7B610123BB6107F11003194601
:10156000184803F0E5F84FF480733B6100237B617A
:101570000023BB6107F110031946124803F0D8F8A5
:1015800000220021092002F0EAFF092003F003F8FD
:10159000002200210A2002F0E2FF0A2002F0FBFFF5
:1015A00000220021172002F0DAFF172002F0F3FFDB
:1015B00000BF2037BD4680BD001002400010014032
:1015C00000080140000C01400000211080B483B0ED
:1015D00000AF0346FB80084B1B6800225A6200BF25
:1015E000054B1B685A6AFB889A42F9D300BF00BFBB
:1015F0000C37BD4680BC70478004002080B500AF2A
:101600000E4803F02DFF01224FF400710C4803F047
:101610002AFA0A2002F0A8FE00224FF400710848BE
:1016200003F021FA0A2002F09FFE064B00221A6006
:10163000054B4FF07E521A6000BF80BD8004002031
:10164000000C0140F40100200000002080B584B0AF
:1016500000AF0023FB6002F07DFE786008E002F03E
:1016600079FE02467B68D31AC82B01D900234BE0D0
:101670004FF48071264803F0DFF90346012BEED0CA
:101680000023FB7225E001224FF40071204803F093
:10169000EAF90120FFF79AFFFB685B00FB6000227C
:1016A0004FF400711A4803F0DEF90120FFF78EFFB6
:1016B0004FF48071164803F0BFF90346012B02D1A5
:1016C000FB680133FB6097F90B30DBB20133DBB20F
:1016D000FB7297F90B30172BD5DDFB6883F4000301
:1016E000FB6001224FF40071094803F0BCF90120AE
:1016F000FFF76CFF00224FF40071054803F0B3F9C7
:101700000120FFF763FFFB6818461037BD4680BD18
:10171000000C01402DE9B04F86B000AF0346FB80BE
:101720004FF000024FF00003C7E904230023FB81C0
:10173000FB88002B01D1002330E00023BB8117E0A0
:10174000FFF784FFB860BB68002B0ED0BB68DA17C8
:101750001C461546D7E9042312EB040843EB0509A0
:10176000C7E90489FB890133FB81BB890133BB8154
:10177000BA89FB889A42E3D3FB89002B01D100236D
:101780000CE0FB8900229A46934652465B46D7E915
:101790000401FFF773FC02460B4613461846183740
:1017A000BD46BDE8B08F000080B584B000AF0346F1
:1017B000FB80FB881846FFF7ADFFF860FB68002B45
:1017C00001D1032303E0044AFB6813600023184699
:1017D0001037BD4680BD00BFF401002080B584B045
:1017E00000AF78600B467B804FF000017868FFF710
:1017F00001FC0346002B01D0012320E07B88184622
:10180000FFF788FFF860FB68002B01D1032316E087
:101810000D4B1B68FA68D31ABB60BB68002B01D163
:1018200001230CE0B868FFF7E9F903461946786828
:10183000FFF7ECFA03461A46044B1A6000231846D9
:101840001037BD4680BD00BFF4010020000000201D
:1018500080B584B000AF78600023FB607B68002B0C
:1018600001D101234CE04FF48071274803F0E4F8E4
:101870000346012B01D1022342E00023FB7222E048
:1018800001224FF40071204803F0EDF80120FFF72A
:101890009DFEFB685B00FB604FF480711A4803F00B
:1018A000CBF80346012B02D1FB680133FB60002219
:1018B0004FF40071144803F0D6F80120FFF786FEBC
:1018C000FB7A0133FB72FB7A172BD9D901224FF433
:1018D00000710D4803F0C7F80120FFF777FE0022E2
:1018E0004FF40071084803F0BEF80120FFF76EFEC8
:1018F000FB6883F40003FB60FA687B681A600023CE
:1019000018461037BD4680BD000C014080B586B03A
:1019100000AF78607B68002B01D1012344E007F120
:101920000C031846FFF794FF0346FB75FB7D022B63
:101930001BD11F4B1B78002B07D11D4B01221A70A6
:1019400002F008FD03461B4A136002F003FD024645
:10195000184B1B68D31AB3F5FA7F04D3144B00223B
:101960001A70032320E002231EE0114B00221A709C
:10197000FB7D002B01D0FB7D16E0FA680E4B1B6847
:10198000D31A3B613869FFF739F902460B4B1B68E4
:1019900019461046FFF786F903461846FFF748FB3D
:1019A00002467B681A60002318461837BD4680BD82
:1019B000F8010020FC010020F401002000000020BC
:1019C00080B500AF094B0A4A1A60084B06225A60DC
:1019D000064B40F6FF729A60044803F08DF8034608
:1019E000002B01D001F022FE00BF80BD00020020CC
:1019F0000030004080B582B000AF02F053FC00F030
:101A0000A9F8FFF72DFD02F051F902F0EFF902F00D
:101A100079FA02F05BFBFFF7D3FF02F081FB0122B2
:101A20003E493F4804F088FC3E493F4805F0F0FF3E
:101A30003D48FEF78DFB03469AB24FF0FF333A491B
:101A4000374804F0EEFB012302223849384801F000
:101A500055FE0346002B01D001F0E8FD00222021B5
:101A6000344803F000F801224021324802F0FBFF25
:101A7000314B00221A70FFF7C1FD00224FF4805154
:101A80002A4802F0F0FF00224FF40051274802F0EC
:101A9000EAFF002001F098F90021284803F082FDB8
:101AA0000421264803F07EFD0821244803F07AFD36
:101AB000224B1B6840F2DC525A63204B1B6840F2F9
:101AC000DC529A631D4B1B6840F2DC52DA6302F071
:101AD00041FC78607B680A3B194A13607B680A3BCB
:101AE000184A13607B680A3B174A136000F044FBF6
:101AF000164B1B78DBB2012B04D1144B00221A7059
:101B000000F02EFF00F06EF8114803F039F803469C
:101B1000002BEBD001F08AFDE8E700BF0E020020A9
:101B2000C8040020C09C000894020020000C014062
:101B300010050020000801400C020020380400209D
:101B4000980300209C030020A00300201002002026
:101B50000002002080B590B000AF07F118032822E2
:101B60000021184605F0BAFF3B1D00221A605A609A
:101B70009A60DA601A610923BB614FF48033FB611C
:101B800000233B620123BB6201233B6302237B638F
:101B90004FF48033BB634FF4E013FB6307F118038A
:101BA000184602F0FDFF0346002B01D001F03EFD78
:101BB0000F237B600223BB600023FB604FF4806334
:101BC0003B6100237B613B1D0221184603F06AFA4A
:101BD0000346002B01D001F029FD00BF4037BD4670
:101BE00080BD000080B582B000AFB04B1B78DBB287
:101BF000032B00F2218201A252F823F06520000895
:101C0000652000080D1C000865200008A84B1B7803
:101C1000DBB2002B12D002F09DFB0246A54B1B68E5
:101C20009A420BD0A24B00221A700821A24802F05F
:101C300003FF0346002B01D101F0CCFA9F4B1B7828
:101C4000DBB2002B12D002F085FB02469C4B1B68D6
:101C50009A420BD0994B00221A701021964802F03C
:101C6000EBFE0346002B01D101F016FB954B1B78D0
:101C7000DBB2002B12D002F06DFB0246924B1B68C8
:101C80009A420BD08F4B00221A7020218A4802F012
:101C9000D3FE0346002B01D101F060FB8B4B1B7878
:101CA000DBB2062B00F2B88101A252F823F000BF8C
:101CB000CD1C0008551D000825200008571E0008EF
:101CC0002B1F00082B1F0008252000088048FFF765
:101CD0001DFE03467B717B79032B02D07B79012BA0
:101CE00015D101F095F8714B03221A70794A8021C1
:101CF000794805F057FE7848FEF72AFA03469AB26B
:101D00004FF0FF337449754804F08BFA93E17B7907
:101D1000022B00F089816E4B1B6847F22F529342D1
:101D200040F384816E4B00221A706E4BFA221A80A7
:101D30006D4B0A221A806D4B0A221A6002F00AFBD0
:101D400003466B4A13606B4B06221A705F4B0522E9
:101D50001A706BE15E4801F0F5F80346032B76D06C
:101D6000032B5EDC012B02D0022B72D059E0584BC2
:101D70001B68184601F0E4F90346BB71BB79002BE0
:101D80001DD0BB7919465C4801F084F90346002B4D
:101D900015D101F03DF8454B03221A70574A8021B6
:101DA0004D4805F0FFFD4C48FEF7D2F903469AB2C4
:101DB0004FF0FF334849494804F033FA4AE0444BB6
:101DC0001B684F4A8021444805F0ECFD4248FEF76D
:101DD000BFF903469AB24FF0FF333F493F4804F042
:101DE00020FA3B4B1B68184601F0F6FA3D4B4FF4C6
:101DF00016721A803C4B0A221A803C4B0A221A6047
:101E000002F0A8FA03463A4A13603A4B03221A70CA
:101E10002E4B04221A7002F09DFA0346394A1360D1
:101E200018E000F0F5FF214B03221A70364A80219A
:101E3000294805F0B7FD2848FEF78AF903469AB20B
:101E40004FF0FF332449254804F0EBF902E000BFCE
:101E5000F1E000BFEFE002F07DFA0246294B1B687B
:101E6000D31AB3F57A7FC0F0E3801948FFF74EFD2F
:101E70000346FB71FB79032B02D0FB79012B45D183
:101E800000F0C6FF094B03221A70124A8021124843
:101E900005F088FD1048FEF75BF903469AB24FF053
:101EA000FF330D490D4804F0BCF9C1E00C020020DD
:101EB000A4030020A8030020000C0140AC03002074
:101EC000B0030020B4030020B80300200D0200205E
:101ED00014030020D09C000894020020C8040020B5
:101EE00058030020200300202203002024030020A8
:101EF000280300202C03002068030020E09C000839
:101F0000F49C00081C030020009D0008FB79002BB6
:101F100040F08E80564B1B6844F61F62934200F3DC
:101F20008780544B00221A7082E002F013FA0246B6
:101F3000514B1B68D21A514B1B689A427AD3504BB3
:101F40001A88504B1B889A4219D24E4B1B881A464E
:101F50004B4B1B88D31A4C4A1288934205DC494BE1
:101F60001B88184600F030FF28E0454B1A88464B86
:101F70001B8813449BB2184600F026FF1EE0404B1E
:101F80001A88404B1B889A4218D93D4B1B881A4629
:101F90003C4B1B88D31A3C4A1288934205DC394BD0
:101FA0001B88184600F010FF08E0354B1A88364BA6
:101FB0001B88D31A9BB2184600F006FF02F0CAF93C
:101FC00003462D4A13602E4B1A882E4B1B889A42CB
:101FD00030D12C4B1B88FA2B12D1002000F0F4FEDC
:101FE0002A4A80212A4805F0DDFC2948FEF7B0F88E
:101FF00003469AB24FF0FF332549264804F011F901
:10200000254B1A781B4B1A701A4B1B78DBB2062B28
:1020100010D100F047F80DE000F0FAFE1F4B03224C
:102020001A7008E000BF1EE000BF1CE000BF1AE00D
:1020300000BF18E000BF16E000F0EAFE174B0322D5
:102040001A70174A8021124805F0ACFC1048FEF7C0
:102050007FF803469AB24FF0FF330D490D4804F064
:10206000E0F800E000BF00BF0837BD4680BD00BFFC
:10207000140300200D020020280300202403002068
:102080001A03002020030020220300200C9D0008DA
:1020900094020020C80400202C0300200C02002021
:1020A000009D000880B400AF094B1B8801339AB231
:1020B000074B1A80064B1B88002B02D1044B0122D0
:1020C0001A80044B01221A7000BFBD4680BC7047C5
:1020D000BE030020BC03002090B583B000AF0446CF
:1020E000084611461A462346FB710346BB710B4650
:1020F0007B7113463B71052002F036F93B797A7902
:10210000B979F87901F03EFB034618460C37BD4615
:1021100090BD000090B583B000AF0446084611465C
:102120001A462346FB710346BB710B467B7113466F
:102130003B713B797A79B979F879FFF7CDFF03469E
:10214000002B0ED009490A4805F062FC0848FDF74B
:10215000FFFF03469AB24FF0FF330549054804F0EC
:1021600060F800BF0C37BD4690BD00BF189D000849
:1021700094020020C804002080B582B000AFB54BA7
:102180001B78DBB2002B00F08083B34B1B78FB7114
:10219000B24B1B78BB71B24B1B787B71B14B1B7878
:1021A0003B71AC4B00221A70FB79002B40F06F831F
:1021B0007B791BB21B021AB23B791BB213431BB2D1
:1021C0007B80BB79752B00F01D83752B00F3568344
:1021D000272B57DC002B40F35183013B262B00F2C9
:1021E0004D8301A252F823F08D2200087D280008BB
:1021F0007D2800087D2800087D2800087D2800082B
:102200007D2800087D2800087D2800087D2800081A
:102210007D2800087D2800087D2800087D2800080A
:102220007D2800087D2800087D2800087D280008FA
:102230007D2800087D2800087D2800087D280008EA
:102240007D2800087D2800087D2800087D280008DA
:102250007D2800087D2800087D2800087D280008CA
:102260007D280008C1220008C723000813240008A5
:10227000272500082B260008F12600081F28000843
:10228000FD220008712B00F0B082F7E23B797A79E9
:10229000F8798121FFF720FF0346002B00F0F98237
:1022A0007149724805F0B4FB7048FDF751FF0346D1
:1022B0009AB24FF0FF336D496D4803F0B2FFE8E288
:1022C0006C4B1B78DAB26C4B1B78DBB2F87980214F
:1022D000FFF702FF0346002B00F0DD8267496348E9
:1022E00005F096FB6148FDF733FF03469AB24FF0C5
:1022F000FF335E495E4803F094FFCCE2604B1B78ED
:10230000002B20D05F4B1B881B0A9BB2DAB25D4BBF
:102310001B88DBB2F8797021FFF7DEFE0346002B45
:1023200000F0BB82584A8021504805F03BFB4F48E3
:10233000FDF70EFF03469AB24FF0FF334B494C486E
:1023400003F06FFFA9E2514B1B78002B20D0504BBC
:102350001B881B0A9BB2DAB24D4B1B88DBB2F879A3
:102360007421FFF7B9FE0346002B00F09682494A1C
:1023700080213E4805F016FB3C48FDF7E9FE034688
:102380009AB24FF0FF333949394803F04AFF84E2EB
:10239000F879002300227621FFF79EFE0346002BEA
:1023A00000F07B823C4A8021304805F0FBFA2F4840
:1023B000FDF7CEFE03469AB24FF0FF332B492C486F
:1023C00003F02FFF69E27B79002B02D13B79012BCF
:1023D00006D0BA79F8790123A121FFF79BFE63E2C9
:1023E000244B1B78DBB2002B06D0BA79F87908238E
:1023F000A121FFF78FFE57E21E4B01221A70274BD7
:1024000000221A70BA79F8790023A021FFF782FE22
:102410004AE201222021224802F025FB002240212D
:102420001F4802F020FB7B79002B02D13B79012B66
:1024300038D0BA79F8790123A121FFF76BFE002289
:102440002021174802F00FFB01224021144802F01E
:102450000AFB29E2E3030020E5030020E603002055
:10246000E7030020E8030020409D000894020020BC
:10247000C80400200C0200200D020020649D00080A
:10248000BC030020BE0300208C9D0008C003002078
:10249000C2030020B89D0008E49D00081803002036
:1024A00000080140A64B1B78DBB2012B10D0BA7993
:1024B000F8790823A121FFF72DFE00222021A14851
:1024C00002F0D1FA012240219E4802F0CCFAEBE161
:1024D0003220FFF769F90346002B13D09A4B0022F4
:1024E0001A70BA79F8790923A121FFF713FE0022A7
:1024F0002021944802F0B7FA01224021914802F0CD
:10250000B2FAD1E1BA79F8790023A021FFF702FEEF
:10251000002220218B4802F0A6FA0022402189489F
:1025200002F0A1FAC0E101222021864802F09BFAC4
:1025300000224021834802F096FA814B1B78DBB2DF
:10254000012B10D0BA79F8790823A121FFF7E2FD19
:10255000002220217B4802F086FA0122402179489E
:1025600002F081FAA0E1794B1B68002B10D1BA79F7
:10257000F8790A23A121FFF7CDFD0022202171481F
:1025800002F071FA012240216E4802F06CFA8BE1F0
:102590007B88002B10D1BA79F8790223A121FFF7AB
:1025A000B9FD00222021674802F05DFA0122402196
:1025B000644802F058FA77E17B881846FEF71AFB68
:1025C000034663491846FEF76DFB03463221184661
:1025D000FFF704F90346002B13D05B4B00221A705F
:1025E000BA79F8790923A121FFF794FD002220216F
:1025F000544802F038FA01224021524802F033FADE
:1026000052E1514B01221A70BA79F8790023A021C6
:10261000FFF780FD002220214A4802F024FA002220
:102620004021484802F01FFA3EE17B79002B02D19D
:102630003B79012B06D9BA79F8790123A121FFF75B
:1026400069FD54E03B79002B0BD100F0E1FB3C4BE2
:1026500000221A70BA79F8790023A021FFF75AFDF9
:1026600022E1394B1B78002B06D1BA79F8790B237C
:10267000A121FFF74FFD17E1314B1B78DBB2012B96
:102680000BD02F4B1B78DBB2002B06D0BA79F87930
:102690000823A121FFF73EFD29E00122202129483E
:1026A00002F0E1F900224021264802F0DCF9002086
:1026B00000F08AFB0021274802F074FF01224FF44A
:1026C0008051254802F0CFF900224FF400512248F2
:1026D00002F0C9F91A4B02221A70204B02221A701A
:1026E000BA79F8790023A021FFF714FDDCE0DBE0E4
:1026F0007B79002B02D13B79012B06D9BA79F87985
:102700000123A121FFF706FDC9E00D4B1B78DBB2C9
:10271000022B06D0BA79F8790823A121FFF7FAFC39
:10272000BDE03B79012B37D10C4B1B78DBB2022B80
:1027300016D0BA79F8790323A121FFF7EBFCAEE0BC
:102740000C0200200008014018030020F4010020C2
:1027500000007A44F0030020000C01400D0200202C
:10276000534B4FF416721A80524B0A221A80524B66
:102770000A221A6001F0EEFD0346504A1360504BE6
:1027800000221A704F4B04221A70BA79F87900238C
:10279000A021FFF7BFFC82E03B79002B7FD14A4BA1
:1027A0001B88FA2B06D8474B02221A70002000F033
:1027B0000BFB13E03E4BFA221A803E4B0A221A8092
:1027C0003D4B0A221A6001F0C5FD03463B4A1360E7
:1027D0003B4B02221A703B4B05221A70BA79F879EA
:1027E0000023A021FFF796FC59E0384B1B78002B03
:1027F00057D0374B1B887A889A4252D1334B0022EC
:102800001A704EE0334B1B78002B4CD0324B1B8898
:102810007A889A4247D12F4B00221A7043E07B7985
:10282000002B02D13B79012B06D0BA79F87901232C
:10283000A121FFF76FFC20E0284B1B78DBB2022BB5
:1028400004D1204B1B78DBB2062B06D0BA79F8797D
:102850000823A121FFF75EFC0FE01C4B00221A7039
:102860001F4B00221A70174B01221A70BA79F8799F
:102870000023A021FFF74EFC16E015E0BA79F879A5
:102880000723A121FFF746FC0EE000BF0CE000BFCC
:102890000AE000BF08E000BF06E000BF04E000BFA0
:1028A00002E000BF00E000BF0837BD4680BD00BFAA
:1028B00020030020220300202403002028030020FE
:1028C0002C0300200D0200201A030020BC0300206E
:1028D000BE030020C0030020C20300200C02002021
:1028E0005803002090B587B004AF154B1B78DBB2BE
:1028F0001C46144B1B78DBB21846134B1B68134A5B
:1029000012681349096803910292019300902346CB
:10291000104A8021104805F045F878607B68002B4C
:102920000ADD7B687F2B07DC7B689AB24FF0FF33B0
:1029300009490A4803F075FC00BF0C37BD4690BD3D
:102940000C0200200D0200205C0300206003002028
:1029500014030020109E000894020020C8040020E8
:1029600080B584B002AFBC4B1B78413B132B00F207
:10297000038201A252F823F0C9290008A92C0008FB
:10298000792A0008432D0008792D00084B2B0008F8
:10299000792D0008792D0008792D0008792D00087F
:1029A000792D0008792D0008792D0008792D00086F
:1029B000792D0008792D0008732D0008792D000865
:1029C000792D0008B32A0008A34B5B78312B38D14E
:1029D000A24B1B78012B40F0D18101222021A0487D
:1029E00002F041F8002240219D4802F03CF89D4B46
:1029F00002221A70002000F0E7F900219A4802F044
:102A0000D1FD01224FF48051984802F02CF80022A9
:102A10004FF40051954802F026F8954B02221A70A7
:102A2000944A8021944804F0BDFF9348FDF790FB41
:102A300003469AB24FF0FF338F49904803F0F1FB01
:102A40009CE1854B5B78302B40F0988100F0E0F9F9
:102A5000844B00221A708A4A8021874804F0A2FF22
:102A60008548FDF775FB03469AB24FF0FF33824964
:102A7000824803F0D6FB81E17A4B1B78DBB2002B56
:102A800040F07E81774B01221A70744B00221A703D
:102A90007C4A8021784804F085FF7748FDF758FB91
:102AA00003469AB24FF0FF337349744803F0B9FB01
:102AB00066E16C4B1B78DBB2012B40F06381002296
:102AC0004021674801F0CFFF01222021644801F036
:102AD000CAFF3220FEF768FE0346002B1DD00022FD
:102AE00020215F4801F0BFFF012240215C4801F036
:102AF000BAFF5A4B00221A70634A80215E4804F0E4
:102B000051FF5D48FDF724FB03469AB24FF0FF33B7
:102B100059495A4803F085FB3BE1002220215048E7
:102B200001F0A1FF594B1B68594A8021524804F01B
:102B300039FF5148FDF70CFB03469AB24FF0FF33C3
:102B40004D494E4803F06DFB1CE1464B1B78DBB250
:102B5000012B40F019814D4B1B68002B62D04D4872
:102B600004F072F978607B68002B40F30D8178687F
:102B7000FEF744F8034648491846FEF793F8034623
:102B80003B6001222021364801F06DFF00224021E8
:102B9000334801F068FF32213868FEF71FFE034614
:102BA000002B21D12D4B01221A70002260212C48CC
:102BB00001F059FF394B1B681846FDF735FC0246FA
:102BC0000B46CDE90023364A80212B4804F0EAFE6B
:102BD0002948FDF7BDFA03469AB24FF0FF33264964
:102BE000264803F01EFBCFE0002220211C4801F004
:102BF0003AFF012240211A4801F035FF174B00220D
:102C00001A70214A80211C4804F0CCFE1A48FDF7B6
:102C10009FFA03469AB24FF0FF331749174803F063
:102C200000FBB6E00F4B00221A7000F0F1F80B4BDE
:102C300000221A701B4A80210F4804F0B3FE0E4890
:102C4000FDF786FA03469AB24FF0FF330A490B4864
:102C500003F0E7FA98E000BF1402002018030020F8
:102C6000000801400C020020F0030020000C01408D
:102C70000D020020289E000894020020C8040020B5
:102C8000349E0008449E0008D09C0008F4010020F7
:102C9000589E00081502002000007A440000002021
:102CA000649E0008749E00083C4B5B78312B1FD15A
:102CB0003B4B1B78DBB2022B68D13A4B1B78DBB263
:102CC000022B63D1384B4FF416721A80374B0A220D
:102CD0001A80374B0A221A6001F03CFB0346354A42
:102CE0001360354B00221A702E4B04221A704DE0EF
:102CF0002A4B5B78302B49D1294B1B78DBB2022B56
:102D000044D12E4B1B88FA2B06D8264B02221A7070
:102D1000002000F059F839E0234BFA221A80234BA7
:102D20000A221A80224B0A221A6001F013FB034682
:102D3000204A1360204B02221A701A4B05221A7087
:102D400024E0164B5B78312B22D1154B1B78DBB27C
:102D5000022B1DD1134B1B78DBB2062B18D1184B5D
:102D600000221A700F4B01221A70164B00221A70A3
:102D70000EE0FFF7B7FD0CE000BF0AE000BF08E07F
:102D800000BF06E000BF04E000BF02E000BF00E0BB
:102D900000BF00BF0837BD4680BD00BF1402002041
:102DA0000C0200200D02002020030020220300203E
:102DB00024030020280300202C0300201A030020F5
:102DC00058030020BC03002080B483B000AF03464A
:102DD000FB80FB88B3F57A7F0ED8FB88094AD26A5C
:102DE00002FB03F3084AA2FB03239B099AB2054B9B
:102DF0005A63064AFB88138000BF0C37BD4680BC6F
:102E0000704700BF002C0140D34D62101A03002010
:102E100080B500AF00222021364801F024FE0122B7
:102E20004021344801F01FFE0020FFF7CDFF0022B3
:102E30004FF48051304801F016FE00224FF400514B
:102E40002D4801F010FE00212C4802F04DFC2C4BC7
:102E50001B6840F2DC525A63294B1B6840F2DC527B
:102E60009A63274B1B6840F2DC52DA63254B002241
:102E70001A70254B00221A60244B00221A60244B42
:102E800000221A60234B00221A60234B00229A7200
:102E9000214B0022DA72204B00221A731F4B0022B2
:102EA0009A721E4B0022DA721C4B00221A731C4BC2
:102EB00000229A721A4B0022DA72194B00221A73FE
:102EC000184B00221A70184B00221A70174B002260
:102ED0001A70174B00221A70164B00221A70164BEC
:102EE00000221A60154B00221A60154B00221A604E
:102EF00000BF80BD00080140000C0140F00300202D
:102F00003804002058030020140300205C03002034
:102F10006003002064030020680300207803002081
:102F200088030020BC030020C0030020A40300206D
:102F3000AC030020B4030020A8030020B00300204D
:102F4000B80300202DE9B0438AB000AF78604FF09D
:102F500000024FF00003C7E9082307F10C031846ED
:102F6000FEF7D4FC0346BB75BB7D022B01D10323C6
:102F700082E0BB7D002B04D0424B00221A7000235C
:102F80007AE0404B1B781946FB683F4A42F82130F3
:102F90003C4B1B780133DAB23A4B1A70394B1B7831
:102FA000092B01D8032367E0374B1B68FB61364BC5
:102FB0001B68BB610023FB7529E0FB7D324A52F898
:102FC0002330DA171C461546D7E9082312EB04080C
:102FD00043EB0509C7E90889FB7D2B4A52F82330EA
:102FE000FA699A4204DDFB7D274A52F82330FB61DF
:102FF000FB7D254A52F82330BA699A4204DAFB7DF8
:10300000214A52F82330BB61FB7D0133FB75FB7D08
:10301000092BD2D9D7E908014FF00A024FF000037B
:10302000FEF72CF802460B467B681A60154B00220F
:103030001A70BA69FB69D31A1846FDF7DFFD03461B
:1030400012491846FDF72EFE03461C467B681B6896
:103050001846FDF7D3FD034619462046FDF7D6FE78
:1030600003463B610A493869FDF7D8FF0346002B48
:1030700001D0022300E0012318462837BD46BDE8F1
:10308000B08300BF58030020300300200000C84276
:103090000000A04080B483B000AF78600B46FB70A6
:1030A0007B681B7B092B01D9002319E07B689B7A85
:1030B00019467B68FA785A547B689B7A0133DAB2F6
:1030C0007B689A727B689B7A092B02D97B68002205
:1030D0009A727B681B7B0133DAB27B681A73012317
:1030E00018460C37BD4680BC704780B483B000AF33
:1030F000786039607B681B7B002B01D100231AE0CC
:103100007B68DB7A1A467B689A5C3B681A707B683E
:10311000DB7A0133DAB27B68DA727B68DB7A092BFF
:1031200002D97B680022DA727B681B7B013BDAB232
:103130007B681A73012318460C37BD4680BC704764
:1031400080B483B000AF78607B684AF6C772934260
:103150000BDD7B684DF2D862934206DC174B1B688F
:103160000133164A1360012323E07B68144A93421B
:103170000ADD7B68134A934206DC104B1B6801335F
:103180000E4A1360022314E07B680F4A93420ADD63
:103190007B680E4A934206DC084B1B680133074AE2
:1031A0001360032305E00A4B1B680133084A1360D0
:1031B000042318460C37BD4680BC70475C030020D2
:1031C00017730100289A010067360200785D02003B
:1031D0006003002080B582B000AFFB1D1946254872
:1031E000FFF783FF0346002B10D1234A8021234899
:1031F00004F0D8FB2148FCF7ABFF03469AB24FF02E
:10320000FF331E491E4803F00CF82FE0FB79012B19
:103210000AD11C4B1B684FF448725A631A4B1B6847
:103220000133194A136021E0164B1B6840F2DC524F
:103230005A63FB7919461548FFF72CFF0346002B0C
:1032400014D1FFF7E5FD124B03221A70114A8021B9
:103250000A4804F0A7FB0948FCF77AFF03469AB234
:103260004FF0FF330549064802F0DBFF0837BD4643
:1032700080BD00BF68030020889E000894020020E3
:10328000C8040020380400206403002078030020D4
:103290000C020020E09C000880B582B000AFFB1D4E
:1032A00019462548FFF721FF0346002B10D1234A7A
:1032B0008021234804F076FB2148FCF749FF0346B0
:1032C0009AB24FF0FF331E491E4802F0AAFF2FE0CA
:1032D000FB79022B0AD11C4B1B684FF448729A638E
:1032E0001A4B1B680133194A136021E0164B1B6807
:1032F00040F2DC529A63FB7919461548FFF7CAFE83
:103300000346002B14D1FFF783FD124B03221A70E2
:10331000114A80210A4804F045FB0948FCF718FFD0
:1033200003469AB24FF0FF330549064802F079FF91
:103330000837BD4680BD00BF78030020A89E000866
:1033400094020020C80400203804002064030020F8
:10335000880300200C020020E09C000880B582B0A9
:1033600000AFFB1D19461648FFF7BFFE0346002BB2
:1033700010D1144A8021144804F014FB1248FCF7C1
:10338000E7FE03469AB24FF0FF330F490F4802F0B1
:1033900048FF12E0FB79032B0AD10D4B1B684FF459
:1033A0004872DA630B4B1B6801330A4A136004E06E
:1033B000074B1B6840F2DC52DA630837BD4680BD1C
:1033C00088030020C89E000894020020C804002042
:1033D000380400206403002080B485B000AF78601A
:1033E0007B68002B02DC0023FB6006E07B68323345
:1033F0000B4AA2FB03235B09FB60FB68B3F5803F2C
:1034000002D34FF6FF73FB60FB689AB2054B1A803C
:10341000054B01221A7000BF1437BD4680BC7047AF
:103420001F85EB51C2030020C003002080B584B08B
:1034300000AF0346FB802A4B1B78DBB2022B4AD13C
:1034400000F088FFF860FB88082B14D1254B1B681F
:10345000FA68D31A092B3FD9234B1B78DBB2002B18
:103460003AD1204AFB6813601F4B01221A701F4A91
:10347000FB68136030E0FB88102B14D11C4B1B68D9
:10348000FA68D31A092B27D91A4B1B78DBB2002B09
:1034900022D1174AFB681360164B01221A70164A94
:1034A000FB68136018E0FB88202B15D1134B1B68B9
:1034B000FA68D31A092B0FD9114B1B78DBB2002BFA
:1034C0000AD10E4AFB6813600D4B01221A700D4A97
:1034D000FB68136000E000BF1037BD4680BD00BF31
:1034E0000C02002098030020A4030020A803002061
:1034F0009C030020AC030020B0030020A0030020A8
:10350000B4030020B803002080B584B000AF786019
:103510007B681B68244A934202D1786800F092F9D4
:103520007B681B68214A93423AD1214B1B78FB737D
:10353000FB7B3A2B06D11F4B01221A701E4B002237
:103540001A7028E01B4B1B78DBB2012B23D1FB7BCD
:103550000A2B01D00D2B0DD1174B1B78DBB21A466D
:10356000164B00219954134B00221A70144B012260
:103570001A7010E0104B1B78DBB27E2B0AD80E4B72
:103580001B78DBB25A1CD1B20B4A117019460B4A98
:10359000FB7B535400BF012205490A4802F0CCFED0
:1035A00000BF1037BD4680BD0048004000380140D4
:1035B0000E0200200F020020110200201402002041
:1035C00010020020C804002080B582B000AF7860EF
:1035D0007B68002B19D07B681B680E4A934203D18D
:1035E000786800F0D5F911E07B681B680A4A9342BD
:1035F0000CD10A4B00221A70094B00221A700122CA
:103600000849094802F098FE00E000BF0837BD46AF
:1036100080BD00BF00480040003801400F0200207C
:10362000110200200E020020C804002080B582B0E4
:1036300000AF72B600BF4FF40051074801F02BFAFB
:1036400000237B6003E000BF7B6801337B607B6805
:10365000024A9342F7D9EEE7001001403F420F00C3
:1036600080B400AF044B00221A70044B00221A7081
:1036700000BFBD4680BC7047E1030020E20300208C
:1036800080B485B000AF78600B46FB700023FB73FD
:103690007B68002B01D100232AE00023BB7322E0CA
:1036A000BB7B7A6813441A78FB7B5340FB7300237F
:1036B0007B7312E097F90F30002B08DA97F90F307F
:1036C0005B005BB283F007035BB2FB7302E0FB7B42
:1036D0005B00FB737B7B01337B737B7B072BE9D91F
:1036E000BB7B0133BB73BA7BFB789A42D8D3FB7B9D
:1036F00018461437BD4680BC7047000080B584B0C2
:1037000000AFF860B96011461A460B46FB801346BD
:103710007B71FB68002B05D0BB68002B02D0FB88B7
:10372000002B01D1012323E0134AFB681360124AE6
:10373000BB685360104AFB8813810F4A7B799372F0
:103740000D4B0122DA72FFF78BFF0C4B00221A702F
:10375000094B5B68084A11890022184601F083F979
:10376000054B1B6801220649184602F0E5FD034699
:1037700018461037BD4680BDC4030020E303002077
:10378000E003002090B585B000AF0446084611461E
:103790001A462346FB710346BB710B467B711346E9
:1037A0003B71254BDB7A002B07D0234B1B68002B8A
:1037B00003D0214B5B68002B01D1012337E01F4B65
:1037C0003A221A701D4AFB7953701B4B9A7A1B4B95
:1037D0009A701A4ABB79D370184A7B791371174AC9
:1037E0003B79537105211648FFF74AFF03461A46F5
:1037F000124B9A71114B0D22DA710F4B5B680E4A16
:1038000011890122184601F02EF90B4B1868142378
:1038100008220A4902F005FD0346FB73064B5B686C
:10382000054A11890022184601F01DF9FB7B184654
:103830001437BD4690BD00BFC4030020D003002054
:10384000D103002080B584B000AF7860444BDB7AB0
:10385000002B00F081807B68002B7DD0404B1B68E3
:10386000002B79D07B681A683D4B1B681B689A4215
:1038700072D13C4B1B78002B15D13B4B1B783A2B5C
:1038800062D13A4B00221A70384B1B785A1CD1B2C5
:10389000364A11701A46344B1978354B9954314BCE
:1038A00001221A7050E0314B1B78072B0BD82F4B9D
:1038B0001B785A1CD1B22D4A11701A462A4B19781E
:1038C0002B4B995401E0FFF7CBFE284B1B78072BBD
:1038D0003AD9FFF7C5FE264B1B783A2B34D1244B3F
:1038E000DB790D2B30D105212248FFF7C9FE0346B5
:1038F000FB731F4B9B79FA7B9A4225D11C4B5B785B
:10390000BB73174B9B7ABA7B9A4202D0BB7BFF2BCF
:103910001AD1194B1B78DBB2002B15D1174ABB7B90
:103920001370134B9A78164B1A70114BDA78154BAB
:103930001A700F4B1A79144B1A700D4B5A79134B9E
:103940001A700D4B01221A70054B1B6801220649A3
:10395000184602F0F1FC00E000BF1037BD4680BD04
:10396000C4030020E2030020E0030020E103002064
:10397000D8030020D9030020E3030020E403002043
:10398000E5030020E6030020E7030020E803002011
:1039900080B584B000AF78601A4BDB7A002B2DD055
:1039A0007B68002B2AD0174B1B68002B26D07B6826
:1039B0001A68144B1B681B689A421FD1FFF750FE10
:1039C0000023FB607B681B681B68FB607B681B68CF
:1039D0005B68FB60FB687B6800225A647B6820227E
:1039E00083F842207B68002283F84020054B1B6847
:1039F00001220549184602F09FFC00E000BF103785
:103A0000BD4680BDC4030020E003002080B485B023
:103A100000AF154B9B69144A43F001039361124BAD
:103A20009B6903F00103BB60BB680F4BDB690E4A67
:103A300043F08053D3610C4BDB6903F080537B6010
:103A40007B680A4B5B68FB60FB6823F0E063FB600C
:103A5000FB6843F08063FB60044AFB68536000BF6F
:103A60001437BD4680BC7047001002400000014082
:103A700080B400AF00BFFDE780B400AF00BFFDE73A
:103A800080B400AF00BFFDE780B400AF00BFFDE72A
:103A900080B400AF00BFFDE780B400AF00BFBD46FB
:103AA00080BC704780B400AF00BFBD4680BC70478B
:103AB00080B400AF00BFBD4680BC704780B500AF8A
:103AC00000F036FC00BF80BD80B500AF082000F0DC
:103AD000FBFF00BF80BD80B500AF102000F0F4FFF9
:103AE00000BF80BD80B500AF202000F0EDFF00BF1B
:103AF00080BD000080B500AF024802F043FC00BF6B
:103B000080BD00BFC804002080B500AF024802F0AD
:103B100039FC00BF80BD00BF1005002080B400AF9D
:103B200001231846BD4680BC704780B582B000AF07
:103B30007860396004F024F8034616221A604FF0CA
:103B4000FF3318460837BD4680BD80B582B000AF50
:103B500078604FF0FF317868FFF7E7FF00BFFDE7BF
:103B600080B586B000AFF860B9607A6000237B61F1
:103B70000AE0AFF300800146BB685A1CBA60CAB2C3
:103B80001A707B6901337B617A697B689A42F0DB4A
:103B90007B6818461837BD4680BD80B586B000AF3B
:103BA000F860B9607A6000237B6109E0BB685A1C49
:103BB000BA601B781846AFF300807B6901337B61E4
:103BC0007A697B689A42F1DB7B6818461837BD46F4
:103BD00080BD80B483B000AF78604FF0FF331846EB
:103BE0000C37BD4680BC704780B483B000AF7860AE
:103BF00039603B684FF400525A60002318460C3776
:103C0000BD4680BC704780B483B000AF78600123AC
:103C100018460C37BD4680BC704780B485B000AFF5
:103C2000F860B9607A60002318461437BD4680BC3E
:103C30007047000080B586B000AF7860144A154B1D
:103C4000D31A7B617B693B61134B1B68002B02D14C
:103C5000114B124A1A60104B1A687B6813443A6978
:103C60009A4207D203F08CFF03460C221A604FF0F1
:103C7000FF3309E0084B1B68FB60074B1A687B6841
:103C80001344054A1360FB6818461837BD4680BDCB
:103C90000050002000040000EC030020A8060020D3
:103CA00080B400AF00BFBD4680BC704780B596B001
:103CB00000AF07F1480300221A605A609A60DA6088
:103CC00007F1400300221A605A6007F12403002222
:103CD0001A605A609A60DA601A615A619A613B1DF3
:103CE00020220021184603F0F9FE3E4B3E4A1A609E
:103CF0003C4B00225A603B4B00229A60394B6322B6
:103D0000DA60384B00221A61364B00225A61354B7B
:103D100000229A61334801F053FB0346002B01D087
:103D2000FFF784FC4FF48053BB6407F14803194646
:103D30002C4801F0FFFD0346002B01D0FFF776FC75
:103D4000284801F0D7FB0346002B01D0FFF76EFC9B
:103D500000233B6400237B6407F14003194621489C
:103D600002F060F90346002B01D0FFF75FFC6023EF
:103D70007B620023BB620023FB6200233B630023C2
:103D80007B630023BB630023FB6307F12403002252
:103D90001946144801F00CFD0346002B01D0FFF733
:103DA00045FC00237B600023BB600023FB600023F5
:103DB0003B6100237B614FF40053BB6100233B62F6
:103DC0003B1D1946074802F08BF90346002B01D032
:103DD000FFF72CFC034800F027F900BF5837BD4619
:103DE00080BD00BFF0030020002C014080B58EB0E4
:103DF00000AF07F1280300221A605A609A60DA6067
:103E000007F1200300221A605A603B1D00221A604D
:103E10005A609A60DA601A615A619A61384B4FF0C1
:103E200080421A60364B47225A60354B00229A6016
:103E3000334B44F61F62DA60314B00221A61304B7B
:103E400000229A612E4801F0BBFA0346002B01D0F4
:103E5000FFF7ECFB4FF48053BB6207F128031946D0
:103E6000274801F067FD0346002B01D0FFF7DEFB7A
:103E7000234801F03FFB0346002B01D0FFF7D6FBA0
:103E800000233B6200237B6207F1200319461C4894
:103E900002F0C8F80346002B01D0FFF7C7FB6023F0
:103EA0007B600023BB600023FB6000237B613B1D24
:103EB00000221946124801F07BFC0346002B01D07A
:103EC000FFF7B4FB3B1D042219460D4801F070FCBE
:103ED0000346002B01D0FFF7A9FB3B1D0822194622
:103EE000074801F065FC0346002B01D0FFF79EFB5D
:103EF000034800F099F800BF3837BD4680BD00BFC9
:103F00003804002080B586B000AF07F10803002216
:103F10001A605A609A60DA603B4600221A605A6062
:103F20001D4B1E4A1A601C4B00225A601A4B00227D
:103F30009A60194B4FF6FF72DA60174B00221A6134
:103F4000154B00229A61144801F03AFA0346002BFF
:103F500001D0FFF76BFB4FF48053BB6007F1080300
:103F600019460D4801F0E6FC0346002B01D0FFF78F
:103F70005DFB00233B6000237B603B4619460648FF
:103F800002F050F80346002B01D0FFF74FFB00BFB3
:103F90001837BD4680BD00BF8004002000040040EB
:103FA00080B487B000AF78607B681B681B4A93427F
:103FB0000CD11B4B9B691A4A43F400639361184B65
:103FC0009B6903F400637B617B6922E07B681B686B
:103FD000B3F1804F0CD1124BDB69114A43F001035E
:103FE000D3610F4BDB6903F001033B613B6910E0D8
:103FF0007B681B680B4A93420BD1094BDB69084A6B
:1040000043F00203D361064BDB6903F00203FB605C
:10401000FB6800BF1C37BD4680BC7047002C0140C8
:10402000001002400004004080B588B000AF786006
:1040300007F1100300221A605A609A60DA607B6808
:104040001B681F4A934219D11E4B9B691D4A43F0BE
:10405000040393611B4B9B6903F00403FB60FB6843
:104060004FF480733B6102237B610223FB6107F104
:1040700010031946144800F05BFB1CE07B681B68CA
:10408000B3F1804F17D10F4B9B690E4A43F00403E5
:1040900093610C4B9B6903F00403BB60BB6807236F
:1040A0003B6102237B610223FB6107F11003194688
:1040B000054800F03DFB00BF2037BD4680BD00BF76
:1040C000002C0140001002400008014080B500AF04
:1040D000114B124A1A60104B4FF4E1325A600E4BEA
:1040E00000229A600C4B0022DA600B4B00221A610E
:1040F000094B0C225A61084B00229A61064B0022A0
:10410000DA61054802F03DF80346002B01D0FFF7C5
:104110008DFA00BF80BD00BFC804002000380140F8
:1041200080B500AF114B124A1A60104B4FF4E132C8
:104130005A600E4B00229A600C4B0022DA600B4B47
:1041400000221A61094B0C225A61084B00229A6125
:10415000064B0022DA61054802F013F80346002BF3
:1041600001D0FFF763FA00BF80BD00BF100500203B
:104170000048004080B58AB000AF786007F11803AE
:1041800000221A605A609A60DA607B681B68404AB5
:1041900093423AD13F4B9B693E4A43F4804393613B
:1041A0003C4B9B6903F480437B617B69394B9B6982
:1041B000384A43F004039361364B9B6903F00403D0
:1041C0003B613B694FF40073BB610223FB61032336
:1041D0007B6207F1180319462F4800F0A9FA4FF443
:1041E0008063BB610023FB6100233B6207F118037E
:1041F0001946294800F09CFA00220021252000F0F1
:10420000AEF9252000F0C7F93EE07B681B68234A21
:10421000934239D11F4BDB691E4A43F48023D3619B
:104220001C4BDB6903F48023FB60FB68194B9B6923
:10423000184A43F008039361164B9B6903F0080387
:10424000BB60BB684FF48063BB610223FB61032347
:104250007B6207F118031946114800F069FA4FF420
:104260000063BB610023FB6100233B6207F118037D
:1042700019460B4800F05CFA00220021272000F0CC
:104280006EF9272000F087F900BF2837BD4680BDB2
:104290000038014000100240000801400048004082
:1042A000000C014080B500AF084B1B68074A43F083
:1042B00010031360032000F047F90F2000F008F806
:1042C000FFF7A4FB0023184680BD00BF002002407A
:1042D00080B582B000AF7860124B1A68124B1B7821
:1042E00019464FF47A73B3FBF1F3B2FBF3F31846BC
:1042F00000F05FF90346002B01D001230EE07B683C
:104300000F2B0AD8002279684FF0FF3000F027F910
:10431000064A7B681360002300E001231846083733
:10432000BD4680BD040000200C00002008000020D5
:1043300080B400AF054B1B781A46054B1B6813442D
:10434000034A136000BFBD4680BC70470C000020CC
:104350005805002080B400AF024B1B681846BD46CC
:1043600080BC70475805002080B584B000AF7860ED
:10437000FFF7F0FFB8607B68FB60FB68B3F1FF3FBD
:1043800005D00A4B1B781A46FB681344FB6000BF3C
:10439000FFF7E0FF0246BB68D31AFA689A42F7D8E3
:1043A00000BF00BF1037BD4680BD00BF0C0000201D
:1043B00080B485B000AF78607B6803F00703FB60D2
:1043C0000C4BDB68BB60BA684FF6FF031340BB6061
:1043D000FB681A02BB68134343F0BF6343F4003326
:1043E000BB60044ABB68D36000BF1437BD4680BCC5
:1043F000704700BF00ED00E080B400AF044BDB6805
:104400001B0A03F007031846BD4680BC704700BF77
:1044100000ED00E080B483B000AF0346FB7197F974
:104420000730002B0BDBFB7903F01F02064997F9DD
:1044300007305B09012000FA02F241F8232000BF97
:104440000C37BD4680BC704700E100E080B483B00B
:1044500000AF03463960FB7197F90730002B0ADB88
:104460003B68DAB20C4997F907301201D2B20B441B
:1044700083F800230AE03B68DAB20849FB7903F0CD
:104480000F03043B1201D2B20B441A7600BF0C3763
:10449000BD4680BC704700BF00E100E000ED00E0D9
:1044A00080B489B000AFF860B9607A60FB6803F04F
:1044B0000703FB61FB69C3F10703042B28BF042337
:1044C000BB61FB690433062B02D9FB69033B00E0A7
:1044D00000237B614FF0FF32BB6902FA03F3DA433A
:1044E000BB681A407B699A404FF0FF317B6901FA43
:1044F00003F3D9437B680B40134318462437BD466A
:1045000080BC704780B582B000AF78607B68013BAB
:10451000B3F1807F01D301230FE00A4A7B68013B9E
:1045200053600F214FF0FF30FFF790FF054B002243
:104530009A60044B07221A60002318460837BD46CC
:1045400080BD00BF10E000E080B582B000AF7860B1
:104550007868FFF72DFF00BF0837BD4680BD80B5E6
:1045600086B000AF0346B9607A60FB7300237B61BD
:10457000FFF742FF78617A68B9687869FFF790FFC2
:10458000024697F90F3011461846FFF75FFF00BF4C
:104590001837BD4680BD80B582B000AF0346FB71C1
:1045A00097F907301846FFF735FF00BF0837BD46BB
:1045B00080BD80B582B000AF78607868FFF7A2FF59
:1045C000034618460837BD4680BD80B485B000AFAD
:1045D00078600023FB737B6893F82130DBB2022BF9
:1045E00008D07B6804229A637B68002283F820202D
:1045F000012320E07B681B681A687B681B6822F037
:104600000E021A607B681B681A687B681B6822F0C0
:1046100001021A607B681A6C7B68DB6B012101FA6E
:1046200002F25A607B68012283F821207B68002215
:1046300083F82020FB7B18461437BD4680BC7047AA
:1046400080B584B000AF78600023FB737B6893F87B
:104650002130DBB2022B05D07B6804229A63012350
:10466000FB7351E07B681B681A687B681B6822F04B
:104670000E021A607B681B681A687B681B6822F050
:1046800001021A607B681B68224A934229D07B682A
:104690001B68214A934222D07B681B681F4A9342C1
:1046A0001AD07B681B681E4A934212D07B681B6835
:1046B0001C4A93420AD07B681B681B4A934202D172
:1046C0004FF480130EE04FF080730BE04FF4803313
:1046D00008E04FF4805305E04FF4807302E01023AC
:1046E00000E00123114A53607B68012283F82120F6
:1046F0007B68002283F820207B685B6B002B03D053
:104700007B685B6B78689847FB7B18461037BD4623
:1047100080BD00BF080002401C0002403000024083
:1047200044000240580002406C0002400000024079
:1047300080B48BB000AF7860396000237B620023C7
:104740003B6269E101227B6A02FA03F3FB613B6889
:104750001B68FA691340BB61BA69FB699A4240F071
:1047600058813B685B689A4A93425ED0984A93426C
:1047700075D8984A934258D0964A93426FD8964A31
:10478000934252D0944A934269D8944A93424CD06F
:10479000924A934263D8924A934246D0904A9342B7
:1047A0005DD8122B2AD8122B59D801A252F823F027
:1047B0002B48000805480008174800085948000819
:1047C0005F4800085F4800085F4800085F4800082D
:1047D0005F4800085F4800085F4800085F4800081D
:1047E0005F4800085F4800085F4800085F4800080D
:1047F0005F4800080D48000821480008794A9342A4
:1048000013D02CE03B68DB683B6229E03B68DB6847
:1048100004333B6224E03B68DB6808333B621FE003
:104820003B68DB680C333B621AE03B689B68002BFB
:1048300002D104233B6213E03B689B68012B05D146
:1048400008233B627B68FA691A6109E008233B622E
:104850007B68FA695A6103E000233B6200E000BF15
:10486000BB69FF2B01D87B6801E07B6804337B6167
:10487000BB69FF2B02D87B6A9B0002E07B6A083B86
:104880009B003B617B691A680F213B6901FA03F3C6
:10489000DB431A40396A3B6901FA03F31A437B6927
:1048A0001A603B685B6803F08053002B00F0B18016
:1048B0004D4B9B694C4A43F0010393614A4B9B6902
:1048C00003F00103BB60BB68484A7B6A9B08023364
:1048D00052F82330FB607B6A03F003039B000F2236
:1048E00002FA03F3DB43FA681340FB607B68404A3B
:1048F000934213D07B683F4A93420DD07B683E4A77
:10490000934207D07B683D4A934201D1032306E0DE
:10491000042304E0022302E0012300E000237A6A7A
:1049200002F0030292009340FA681343FB602F49A0
:104930007B6A9B080233FA6841F823203B685B6876
:1049400003F48013002B06D02D4B9A682C49BB69C9
:1049500013438B6006E02A4B9A68BB69DB43284906
:1049600013408B603B685B6803F40013002B06D098
:10497000234BDA682249BB691343CB6006E0204B26
:10498000DA68BB69DB431E491340CB603B685B6858
:1049900003F40033002B06D0194B5A681849BB6941
:1049A00013434B6006E0164B5A68BB69DB4314495E
:1049B00013404B603B685B6803F48033002B21D0CD
:1049C0000F4B1A680E49BB6913430B6021E000BF0F
:1049D00000003210000031100000221000002110F1
:1049E00000001210000011100010024000000140F1
:1049F00000080140000C014000100140001401407B
:104A0000000401400B4B1A68BB69DB4309491340A2
:104A10000B607B6A01337B623B681A687B6A22FA0F
:104A200003F3002B7FF48EAE00BF00BF2C37BD46D2
:104A300080BC70470004014080B485B000AF78604E
:104A40000B467B807B689A687B881340002B02D0E2
:104A50000123FB7301E00023FB73FB7B1846143733
:104A6000BD4680BC704780B483B000AF78600B4611
:104A70007B8013467B707B78002B03D07A887B6821
:104A80001A6103E07B881A047B681A6100BF0C3747
:104A9000BD4680BC704780B485B000AF78600B46DF
:104AA0007B807B68DB68FB607A88FB6813401A04B4
:104AB000FB68D9437B880B401A437B681A6100BFAF
:104AC0001437BD4680BC704780B582B000AF034646
:104AD000FB80084B5A69FB881340002B06D0054A1F
:104AE000FB885361FB881846FEF7A0FC00BF08371F
:104AF000BD4680BD0004014080B584B000AF786041
:104B00007B68002B01D1012336E07B681B684CF6E3
:104B1000CC421A607B681B6845F255521A607B686C
:104B20001B687A6852685A607B681B687A6892686A
:104B30009A60FFF70FFCF86011E0FFF70BFC0246EC
:104B4000FB68D31A41F23C32934208D97B681B6858
:104B5000DB6803F00303002B01D003230CE07B6828
:104B60001B68DB6803F00303002BE6D17B681B683E
:104B70004AF6AA221A60002318461037BD4680BDA7
:104B800080B483B000AF78607B681B684AF6AA22C5
:104B90001A60002318460C37BD4680BC70470000E1
:104BA00080B586B000AF78607B68002B01D101230F
:104BB00072E27B681B6803F00103002B00F0878022
:104BC000924B5B6803F00C03042B0CD08F4B5B689B
:104BD00003F00C03082B12D18C4B5B6803F4803379
:104BE000B3F5803F0BD1894B1B6803F40033002BD6
:104BF0006CD07B685B68002B68D101234CE27B683A
:104C00005B68B3F5803F06D1804B1B687F4A43F455
:104C1000803313602EE07B685B68002B0CD17B4BEC
:104C20001B687A4A23F480331360784B1B68774AF9
:104C300023F4802313601DE07B685B68B3F5A02F2D
:104C40000CD1724B1B68714A43F4802313606F4B85
:104C50001B686E4A43F4803313600BE06B4B1B6898
:104C60006A4A23F480331360684B1B68674A23F455
:104C7000802313607B685B68002B13D0FFF76AFB0F
:104C8000386108E0FFF766FB02463B69D31A642BE4
:104C900001D9032300E25D4B1B6803F40033002BB2
:104CA000F0D014E0FFF756FB386108E0FFF752FB45
:104CB00002463B69D31A642B01D90323ECE1534B21
:104CC0001B6803F40033002BF0D100E000BF7B68C9
:104CD0001B6803F00203002B63D04C4B5B6803F0AE
:104CE0000C03002B0BD0494B5B6803F00C03082B23
:104CF0001CD1464B5B6803F48033002B16D1434B29
:104D00001B6803F00203002B05D07B681B69012B95
:104D100001D00123C0E13D4B1B6823F0F8027B6802
:104D20005B69DB00394913430B603AE07B681B6920
:104D3000002B20D0364B01221A60FFF70BFB3861A5
:104D400008E0FFF707FB02463B69D31A022B01D9A3
:104D50000323A1E12D4B1B6803F00203002BF0D0CD
:104D60002A4B1B6823F0F8027B685B69DB0027494C
:104D700013430B6015E0264B00221A60FFF7EAFA96
:104D8000386108E0FFF7E6FA02463B69D31A022BC6
:104D900001D9032380E11D4B1B6803F00203002BA4
:104DA000F0D17B681B6803F00803002B3AD07B68C6
:104DB0009B69002B19D0174B01221A60FFF7CAFA22
:104DC000386108E0FFF7C6FA02463B69D31A022BA6
:104DD00001D9032360E10D4B5B6A03F00203002B52
:104DE000F0D0012000F0CEFA1CE00A4B00221A603D
:104DF000FFF7B0FA38610FE0FFF7ACFA02463B6903
:104E0000D31A022B08D9032346E100BF0010024049
:104E10000000424280044242924B5B6A03F002036C
:104E2000002BE9D17B681B6803F00403002B00F022
:104E3000A6800023FB758B4BDB6903F08053002BAE
:104E40000DD1884BDB69874A43F08053D361854B92
:104E5000DB6903F08053BB60BB680123FB75824BA9
:104E60001B6803F48073002B18D17F4B1B687E4AAC
:104E700043F480731360FFF76DFA386108E0FFF7C1
:104E800069FA02463B69D31A642B01D9032303E173
:104E9000754B1B6803F48073002BF0D07B68DB68D4
:104EA000012B06D16F4B1B6A6E4A43F0010313625C
:104EB0002DE07B68DB68002B0CD16A4B1B6A694ACA
:104EC00023F001031362674B1B6A664A23F0040355
:104ED00013621CE07B68DB68052B0CD1614B1B6AFD
:104EE000604A43F0040313625E4B1B6A5D4A43F061
:104EF000010313620BE05B4B1B6A5A4A23F0010368
:104F00001362584B1B6A574A23F0040313627B68F1
:104F1000DB68002B15D0FFF71DFA38610AE0FFF7B8
:104F200019FA02463B69D31A41F28832934201D9F9
:104F30000323B1E04B4B1B6A03F00203002BEED0BE
:104F400014E0FFF707FA38610AE0FFF703FA0246B8
:104F50003B69D31A41F28832934201D903239BE083
:104F6000404B1B6A03F00203002BEED1FB7D012BAB
:104F700005D13C4BDB693B4A23F08053D3617B680E
:104F8000DB69002B00F08780364B5B6803F00C0375
:104F9000082B61D07B68DB69022B46D1334B0022A2
:104FA0001A60FFF7D7F9386108E0FFF7D3F9024636
:104FB0003B69D31A022B01D903236DE0294B1B68EF
:104FC00003F00073002BF0D17B681B6AB3F5803FC0
:104FD00008D1244B5B6823F400327B689B6821492D
:104FE00013434B601F4B5B6823F474127B68196A90
:104FF0007B685B6A0B431B4913434B601B4B0122CD
:105000001A60FFF7A7F9386108E0FFF7A3F9024635
:105010003B69D31A022B01D903233DE0114B1B68D6
:1050200003F00073002BF0D035E0104B00221A6023
:10503000FFF790F9386108E0FFF78CF902463B6909
:10504000D31A022B01D9032326E0064B1B6803F079
:105050000073002BF0D11EE07B68DB69012B07D1C8
:10506000012319E00010024000700040600042423D
:105070000B4B5B68FB60FB6803F480327B681B6A48
:105080009A4206D1FB6803F470127B685B6A9A420D
:1050900001D0012300E0002318461837BD4680BD2B
:1050A0000010024080B584B000AF786039607B6842
:1050B000002B01D10123D0E06A4B1B6803F00703EA
:1050C0003A689A4210D9674B1B6823F0070265497A
:1050D0003B6813430B60634B1B6803F007033A689C
:1050E0009A4201D00123B8E07B681B6803F00203F9
:1050F000002B20D07B681B6803F00403002B05D035
:10510000594B5B68584A43F4E06353607B681B6803
:1051100003F00803002B05D0534B5B68524A43F45D
:1051200060535360504B5B6823F0F0027B689B68D0
:105130004D4913434B607B681B6803F00103002B50
:1051400040D07B685B68012B07D1474B1B6803F499
:105150000033002B15D101237FE07B685B68022BB5
:1051600007D1414B1B6803F00073002B09D10123C9
:1051700073E03D4B1B6803F00203002B01D10123B8
:105180006BE0394B5B6823F003027B685B68364950
:1051900013434B60FFF7DEF8F8600AE0FFF7DAF838
:1051A0000246FB68D31A41F28832934201D90323A5
:1051B00053E02D4B5B6803F00C027B685B689B003F
:1051C0009A42EBD1274B1B6803F007033A689A42D7
:1051D00010D2244B1B6823F0070222493B6813437B
:1051E0000B60204B1B6803F007033A689A4201D01A
:1051F000012332E07B681B6803F00403002B08D016
:10520000194B5B6823F4E0627B68DB681649134343
:105210004B607B681B6803F00803002B09D0124B1E
:105220005B6823F460527B681B69DB000E49134303
:105230004B6000F021F802460B4B5B681B0903F042
:105240000F030A49CB5C22FA03F3094A1360094BA6
:105250001B681846FFF73CF8002318461037BD4678
:1052600080BD00BF0020024000100240E89E000800
:10527000040000200800002080B487B000AF0023A5
:10528000FB600023BB6000237B6100237B60002365
:105290003B611E4B5B68FB60FB6803F00C03042B57
:1052A00002D0082B03D027E0194B3B6127E0FB68B5
:1052B0009B0C03F00F03174AD35C7B60FB6803F47D
:1052C0008033002B10D0114B5B685B0C03F00103A3
:1052D000114AD35CBB607B680D4A03FB02F2BB68DA
:1052E000B2FBF3F37B6104E07B680C4A02FB03F33F
:1052F0007B617B693B6102E0054B3B6100BF3B6921
:1053000018461C37BD4680BC704700BF00100240E5
:1053100000127A00009F0008109F000800093D005D
:1053200080B400AF024B1B681846BD4680BC704776
:105330000400002080B500AFFFF7F2FF0246054BE6
:105340005B681B0A03F007030349CB5C22FA03F3F3
:10535000184680BD00100240F89E000880B500AFDE
:10536000FFF7DEFF0246054B5B68DB0A03F007032D
:105370000349CB5C22FA03F3184680BD00100240BB
:10538000F89E000880B485B000AF78600A4B1B68B7
:105390000A4AA2FB03235B0A7A6802FB03F3FB6061
:1053A00000BFFB685A1EFA60002BF9D100BF00BF96
:1053B0001437BD4680BC704704000020D34D6210F6
:1053C00080B582B000AF78607B68002B01D10123EB
:1053D00041E07B6893F83D30DBB2002B06D17B685F
:1053E000002283F83C207868FEF7DAFD7B68022211
:1053F00083F83D207B681A687B68043319461046A1
:1054000000F060FB7B68012283F846207B68012264
:1054100083F83E207B68012283F83F207B680122CD
:1054200083F840207B68012283F841207B680122B9
:1054300083F842207B68012283F843207B680122A5
:1054400083F844207B68012283F845207B68012291
:1054500083F83D20002318460837BD4680BD000074
:1054600080B485B000AF78607B6893F83D30DBB2E4
:10547000012B01D0012332E07B68022283F83D201A
:105480007B681B68184A93420ED07B681B68B3F197
:10549000804F09D07B681B68144A934204D07B6814
:1054A0001B68134A934211D17B681B689B6803F009
:1054B0000703FB60FB68062B10D07B681B681A682B
:1054C0007B681B6842F001021A6007E07B681B687A
:1054D0001A687B681B6842F001021A6000231846B4
:1054E0001437BD4680BC7047002C014000040040CA
:1054F0000008004080B582B000AF78607B68002B68
:1055000001D1012341E07B6893F83D30DBB2002BF1
:1055100006D17B68002283F83C20786800F039F8D7
:105520007B68022283F83D207B681A687B6804331D
:105530001946104600F0C6FA7B68012283F846201F
:105540007B68012283F83E207B68012283F83F209C
:105550007B68012283F840207B68012283F8412088
:105560007B68012283F842207B68012283F8432074
:105570007B68012283F844207B68012283F8452060
:105580007B68012283F83D20002318460837BD467A
:1055900080BD80B483B000AF786000BF0C37BD46DB
:1055A00080BC704780B584B000AF786039603B68DC
:1055B000002B09D17B6893F83E30DBB2012B14BF7E
:1055C00001230023DBB222E03B68042B09D17B6876
:1055D00093F83F30DBB2012B14BF01230023DBB271
:1055E00015E03B68082B09D17B6893F84030DBB2AB
:1055F000012B14BF01230023DBB208E07B6893F882
:105600004130DBB2012B14BF01230023DBB2002B9E
:1056100001D001235EE03B68002B04D17B680222AD
:1056200083F83E2013E03B68042B04D17B68022200
:1056300083F83F200BE03B68082B04D17B680222F3
:1056400083F8402003E07B68022283F841207B68D6
:105650001B6801223968184600F0C0FC7B681B6893
:105660001E4A934207D17B681B685A6C7B681B6893
:1056700042F400425A647B681B68184A93420ED079
:105680007B681B68B3F1804F09D07B681B68144AA4
:10569000934204D07B681B68124A934211D17B6805
:1056A0001B689B6803F00703FB60FB68062B10D0A8
:1056B0007B681B681A687B681B6842F001021A60ED
:1056C00007E07B681B681A687B681B6842F0010270
:1056D0001A60002318461037BD4680BD002C0140DB
:1056E000000400400008004080B582B000AF786040
:1056F00039607B681B6800223968184600F06EFC30
:105700007B681B68294A934217D17B681B681A6A19
:1057100041F211131340002B0FD17B681B681A6AEA
:1057200040F244431340002B07D17B681B685A6C3E
:105730007B681B6822F400425A647B681B681A6A03
:1057400041F211131340002B0FD17B681B681A6ABA
:1057500040F244431340002B07D17B681B681A6852
:105760007B681B6822F001021A603B68002B04D1A1
:105770007B68012283F83E2013E03B68042B04D1B0
:105780007B68012283F83F200BE03B68082B04D1A3
:105790007B68012283F8402003E07B68012283F8C4
:1057A0004120002318460837BD4680BD002C01402B
:1057B00080B586B000AFF860B9607A600023FB75F1
:1057C000FB6893F83C30012B01D10223AEE0FB686B
:1057D000012283F83C207B680C2B00F29F8001A201
:1057E00052F823F0195800081D5900081D590008E7
:1057F0001D590008595800081D5900081D59000876
:105800001D5900089B5800081D5900081D59000823
:105810001D590008DB580008FB681B68B96818466A
:1058200000F0BEF9FB681B689A69FB681B6842F0D0
:1058300008029A61FB681B689A69FB681B6822F082
:1058400004029A61FB681B689969BB681A69FB6866
:105850001B680A439A6164E0FB681B68B9681846D4
:1058600000F004FAFB681B689A69FB681B6842F445
:1058700000629A61FB681B689A69FB681B6822F4E6
:1058800080629A61FB681B689969BB681B691A0290
:10589000FB681B680A439A6143E0FB681B68B968B0
:1058A000184600F04DFAFB681B68DA69FB681B6854
:1058B00042F00802DA61FB681B68DA69FB681B6862
:1058C00022F00402DA61FB681B68D969BB681A69B7
:1058D000FB681B680A43DA6123E0FB681B68B96850
:1058E000184600F097FAFB681B68DA69FB681B68CA
:1058F00042F40062DA61FB681B68DA69FB681B68C6
:1059000022F48062DA61FB681B68D969BB681B6995
:105910001A02FB681B680A43DA6102E00123FB7587
:1059200000BFFB68002283F83C20FB7D1846183737
:10593000BD4680BD80B584B000AF7860396000237B
:10594000FB737B6893F83C30012B01D10223B4E058
:105950007B68012283F83C207B68022283F83D208B
:105960007B681B689B68BB60BB6823F07703BB60E8
:10597000BB6823F47F43BB607B681B68BA689A608E
:105980003B681B68B3F5005F3ED0B3F5005F00F2E3
:105990008780B3F5805F00F08680B3F5805F7FD8A5
:1059A000702B1AD0702B7BD8602B50D0602B77D8FF
:1059B000502B3CD0502B73D8402B58D0402B6FD855
:1059C000302B64D0302B6BD8202B60D0202B67D8A5
:1059D000002B5CD0102B5AD062E07B6818683B68C3
:1059E00099683B685A683B68DB6800F0D8FA7B68C6
:1059F0001B689B68BB60BB6843F07703BB607B6838
:105A00001B68BA689A604FE07B6818683B689968C1
:105A10003B685A683B68DB6800F0C1FA7B681B682A
:105A20009A687B681B6842F480429A603CE07B681D
:105A300018683B6859683B68DB681A4600F038FA1A
:105A40007B681B685021184600F08FFA2CE07B68B9
:105A500018683B6859683B68DB681A4600F056FADC
:105A60007B681B686021184600F07FFA1CE07B68A9
:105A700018683B6859683B68DB681A4600F018FAFA
:105A80007B681B684021184600F06FFA0CE07B68C9
:105A90001A683B681B681946104600F066FA03E076
:105AA0000123FB7300E000BF7B68012283F83D20E7
:105AB0007B68002283F83C20FB7B18461037BD46EC
:105AC00080BD000080B485B000AF786039607B682D
:105AD0001B68FB607B682F4A93420BD07B68B3F155
:105AE000804F07D07B682C4A934203D07B682B4AB7
:105AF000934208D1FB6823F07003FB603B685B684E
:105B0000FA681343FB607B68224A93420BD07B68A0
:105B1000B3F1804F07D07B681F4A934203D07B6864
:105B20001E4A934208D1FB6823F44073FB603B6834
:105B3000DB68FA681343FB60FB6823F080023B6874
:105B40005B691343FB607B68FA681A603B689A687C
:105B50007B68DA623B681A687B689A627B680D4AE8
:105B6000934203D13B681A697B681A637B68012200
:105B70005A617B681B6903F00103002B05D07B6829
:105B80001B6923F001027B681A6100BF1437BD4610
:105B900080BC7047002C0140000400400008004019
:105BA00080B487B000AF786039607B681B6A7B6126
:105BB0007B681B6A23F001027B681A627B685B6862
:105BC0003B617B689B69FB60FB6823F07003FB60B3
:105BD000FB6823F00303FB603B681B68FA68134310
:105BE000FB607B6923F002037B613B689B687A69F9
:105BF00013437B617B681C4A93420CD17B6923F081
:105C000008037B613B68DB687A6913437B617B69CE
:105C100023F004037B617B68134A934211D13B69F3
:105C200023F480733B613B6923F400733B613B6861
:105C30005B693A6913433B613B689B693A6913436B
:105C40003B617B683A695A607B68FA689A613B6895
:105C50005A687B685A637B687A691A6200BF1C378E
:105C6000BD4680BC704700BF002C014080B487B0A7
:105C700000AF786039607B681B6A7B617B681B6A58
:105C800023F010027B681A627B685B683B617B686B
:105C90009B69FB60FB6823F4E043FB60FB6823F433
:105CA0004073FB603B681B681B02FA681343FB6090
:105CB0007B6923F020037B613B689B681B017A6949
:105CC00013437B617B681D4A93420DD17B6923F0AE
:105CD00080037B613B68DB681B017A6913437B614E
:105CE0007B6923F040037B617B68144A934213D1A4
:105CF0003B6923F480633B613B6923F400633B61B0
:105D00003B685B699B003A6913433B613B689B6955
:105D10009B003A6913433B617B683A695A607B6830
:105D2000FA689A613B685A687B689A637B687A690B
:105D30001A6200BF1C37BD4680BC7047002C014072
:105D400080B487B000AF786039607B681B6A7B6184
:105D50007B681B6A23F480727B681A627B685B68CD
:105D60003B617B68DB69FB60FB6823F07003FB60D1
:105D7000FB6823F00303FB603B681B68FA6813436E
:105D8000FB607B6923F400737B613B689B681B02AB
:105D90007A6913437B617B681D4A93420DD17B690D
:105DA00023F400637B613B68DB681B027A69134361
:105DB0007B617B6923F480637B617B68144A934237
:105DC00013D13B6923F480533B613B6923F40053B7
:105DD0003B613B685B691B013A6913433B613B686C
:105DE0009B691B013A6913433B617B683A695A60BE
:105DF0007B68FA68DA613B685A687B68DA637B68BB
:105E00007A691A6200BF1C37BD4680BC704700BF6C
:105E1000002C014080B487B000AF786039607B68A7
:105E20001B6A3B617B681B6A23F480527B681A62A1
:105E30007B685B687B617B68DB69FB60FB6823F4E4
:105E4000E043FB60FB6823F44073FB603B681B6826
:105E50001B02FA681343FB603B6923F400533B6168
:105E60003B689B681B033A6913433B617B680F4A9D
:105E7000934209D17B6923F480437B613B685B6972
:105E80009B017A6913437B617B687A695A607B68FE
:105E9000FA68DA613B685A687B681A647B683A6919
:105EA0001A6200BF1C37BD4680BC7047002C014001
:105EB00080B487B000AFF860B9607A60FB681B6A95
:105EC0007B61FB681B6A23F00102FB681A62FB68B6
:105ED0009B693B613B6923F0F0033B617B681B01DD
:105EE0003A6913433B617B6923F00A037B617A695A
:105EF000BB6813437B61FB683A699A61FB687A6906
:105F00001A6200BF1C37BD4680BC704780B487B0A2
:105F100000AFF860B9607A60FB681B6A7B61FB6860
:105F20001B6A23F01002FB681A62FB689B693B61E5
:105F30003B6923F470433B617B681B033A6913435D
:105F40003B617B6923F0A0037B61BB681B017A691D
:105F500013437B61FB683A699A61FB687A691A624C
:105F600000BF1C37BD4680BC704780B485B000AF11
:105F7000786039607B689B68FB60FB6823F0700386
:105F8000FB603A68FB68134343F00703FB607B68E0
:105F9000FA689A6000BF1437BD4680BC704780B471
:105FA00087B000AFF860B9607A603B60FB689B68BF
:105FB0007B617B6923F47F437B613B681A027B68CA
:105FC0001A43BB6813437A6913437B61FB687A69A0
:105FD0009A6000BF1C37BD4680BC704780B487B054
:105FE00000AFF860B9607A60BB6803F01F0301225C
:105FF00002FA03F37B61FB681A6A7B69DB431A4090
:10600000FB681A62FB681A6ABB6803F01F037968B1
:1060100001FA03F31A43FB681A6200BF1C37BD463E
:1060200080BC704780B485B000AF786039607B6811
:1060300093F83C30012B01D1022346E07B6801221A
:1060400083F83C207B68022283F83D207B681B6834
:106050005B68FB607B681B689B68BB60FB6823F028
:106060007003FB603B681B68FA681343FB607B6846
:106070001B68FA685A607B681B68164A93420ED008
:106080007B681B68B3F1804F09D07B681B68124A9C
:10609000934204D07B681B68104A93420CD1BB68C2
:1060A00023F08003BB603B685B68BA681343BB6046
:1060B0007B681B68BA689A607B68012283F83D2080
:1060C0007B68002283F83C20002318461437BD4625
:1060D00080BC7047002C01400004004000080040D4
:1060E00080B485B000AF786039600023FB607B68C6
:1060F00093F83C30012B01D102233DE07B68012263
:1061000083F83C20FB6823F0FF023B68DB68134305
:10611000FB60FB6823F440723B689B681343FB60A1
:10612000FB6823F480623B685B681343FB60FB6899
:1061300023F400623B681B681343FB60FB6823F495
:1061400080523B681B691343FB60FB6823F40052D9
:106150003B685B691343FB60FB6823F480423B6848
:10616000DB691343FB607B681B68FA685A647B68D1
:10617000002283F83C20002318461437BD4680BC1B
:10618000704780B582B000AF78607B68002B01D18A
:10619000012342E07B6893F84130DBB2002B06D14B
:1061A0007B68002283F840207868FDF7E3FF7B6876
:1061B000242283F841207B681B68DA687B681B68AF
:1061C00022F40052DA60786800F0B0FD7B681B684A
:1061D0001A697B681B6822F490421A617B681B680D
:1061E0005A697B681B6822F02A025A617B681B6827
:1061F000DA687B681B6842F40052DA607B68002230
:106200005A647B68202283F841207B68202283F82F
:1062100042207B6800225A63002318460837BD4697
:1062200080BD80B58AB002AFF860B9603B601346AC
:10623000FB8000237B61FB6893F84130DBB2202BAD
:1062400075D1BB68002B02D0FB88002B01D1012344
:106250006EE0FB6800225A64FB68212283F841202B
:10626000FEF778F87861FB68FA889A84FB68FA8808
:10627000DA84FB689B68B3F5805F08D1FB681B6913
:10628000002B04D10023FB61BB68BB6103E0BB684A
:10629000FB610023BB612EE03B6800937B69002219
:1062A0008021F86800F014FB0346002B05D0FB6842
:1062B000202283F8412003233AE0FB69002B0BD115
:1062C000BB691B881A46FB681B68C2F308025A6048
:1062D000BB690233BB6107E0FB691A78FB681B6886
:1062E0005A60FB690133FB61FB68DB8C9BB2013BAD
:1062F0009AB2FB68DA84FB68DB8C9BB2002BCBD1B3
:106300003B6800937B6900224021F86800F0E0FAC6
:106310000346002B05D0FB68202283F8412003238D
:1063200006E0FB68202283F84120002300E00223DE
:1063300018462037BD4680BD80B584B000AFF860F8
:10634000B9601346FB80FB6893F84230DBB2202B28
:1063500012D1BB68002B02D0FB88002B01D1012396
:106360000BE0FB6800221A63FB881A46B968F868DC
:1063700000F007FB034600E0022318461037BD4635
:1063800080BD000080B5BAB000AF78607B681B6844
:106390001B68C7F8E4307B681B68DB68C7F8E0302F
:1063A0007B681B685B69C7F8DC300023C7F8D8300E
:1063B0000023C7F8D430D7F8E43003F00F03C7F850
:1063C000D830D7F8D830002B0FD1D7F8E43003F00D
:1063D0002003002B09D0D7F8E03003F02003002B76
:1063E00003D0786800F0E3FB5BE2D7F8D830002BED
:1063F00000F0DE80D7F8DC3003F00103002B06D17B
:10640000D7F8E03003F49073002B00F0D180D7F878
:10641000E43003F00103002B0BD0D7F8E03003F495
:106420008073002B05D07B685B6C43F001027B68B6
:106430005A64D7F8E43003F00403002B0BD0D7F8EC
:10644000DC3003F00103002B05D07B685B6C43F06C
:1064500002027B685A64D7F8E43003F00203002B91
:106460000BD0D7F8DC3003F00103002B05D07B689C
:106470005B6C43F004027B685A64D7F8E43003F0A5
:106480000803002B11D0D7F8E03003F02003002BD5
:1064900005D1D7F8DC3003F00103002B05D07B6871
:1064A0005B6C43F008027B685A647B685B6C002B72
:1064B00000F0F281D7F8E43003F02003002B08D07D
:1064C000D7F8E03003F02003002B02D0786800F00A
:1064D0006EFB7B681B685B6903F04003002B14BFF5
:1064E00001230023DBB2C7F8D4307B685B6C03F078
:1064F0000803002B03D1D7F8D430002B4FD0786895
:1065000000F078FA7B681B685B6903F04003002B9E
:1065100041D07B681B681433C7F89C30D7F89C3097
:1065200053E8003FC7F89830D7F8983023F040037D
:10653000C7F8D0307B681B681433D7F8D020C7F871
:10654000A820C7F8A430D7F8A410D7F8A82041E8AD
:106550000023C7F8A030D7F8A030002BD9D17B6832
:10656000DB6B002B13D07B68DB6B7E4A5A637B6846
:10657000DB6B1846FEF764F80346002B16D07B68E9
:10658000DB6B5B6B7A68D26B104698470EE07868DD
:10659000FDF71AF80AE07868FDF716F806E0786863
:1065A000FDF712F87B6800225A6475E100BF73E1C1
:1065B0007B681B6B012B40F04F81D7F8E43003F070
:1065C0001003002B00F04881D7F8E03003F01003EF
:1065D000002B00F041810023BB607B681B681B68B7
:1065E000BB607B681B685B68BB60BB687B681B68C3
:1065F0005B6903F04003002B00F0B6807B68DB6B27
:106600001B685B68A7F8BE30B7F8BE30002B00F0FF
:1066100045817B689B8DB7F8BE209A4280F03E8111
:106620007B68B7F8BE20DA857B68DB6B9B69202B23
:1066300000F088807B681B680C33C7F88830D7F877
:10664000883053E8003FC7F88430D7F8843023F40B
:106650008073C7F8B8307B681B680C33D7F8B82054
:10666000C7F89420C7F89030D7F89010D7F8942046
:1066700041E80023C7F88C30D7F88C30002BD9D1F3
:106680007B681B6814337B677B6F53E8003F3B6775
:106690003B6F23F00103C7F8B4307B681B681433E9
:1066A000D7F8B420C7F88020FB67F96FD7F88020AF
:1066B00041E80023BB67BB6F002BE1D17B681B68FF
:1066C00014333B663B6E53E8003FFB65FB6D23F0E4
:1066D0004003C7F8B0307B681B681433D7F8B0208C
:1066E000FA66BB66B96EFA6E41E800237B667B6E84
:1066F000002BE3D17B68202283F842207B680022B4
:106700001A637B681B680C33FB64FB6C53E8003F27
:10671000BB64BB6C23F01003C7F8AC307B681B680C
:106720000C33D7F8AC20BA657B65796DBA6D41E85A
:1067300000233B653B6D002BE3D17B68DB6B184688
:10674000FDF743FF7B6802225A637B689A8D7B6862
:10675000DB8D9BB2D31A9BB21946786800F0ADF876
:106760009CE000BFB96A00087B689A8D7B68DB8D6E
:106770009BB2D31AA7F8CE307B68DB8D9BB2002B7F
:1067800000F08E80B7F8CE30002B00F089807B6857
:106790001B680C33BB63BB6B53E8003F7B637B6BB5
:1067A00023F49073C7F8C8307B681B680C33D7F8A4
:1067B000C8207A643B64396C7A6C41E80023FB633F
:1067C000FB6B002BE3D17B681B6814337B627B6A15
:1067D00053E8003F3B623B6A23F00103C7F8C43033
:1067E0007B681B681433D7F8C4203A63FB62F96AEC
:1067F0003A6B41E80023BB62BB6A002BE3D17B68A4
:10680000202283F842207B6800221A637B681B6881
:106810000C333B613B6953E8003FFB60FB6823F0AE
:106820001003C7F8C0307B681B680C33D7F8C02052
:10683000FA61BB61B969FA6941E800237B617B6950
:10684000002BE3D17B6802225A63B7F8CE30194699
:10685000786800F032F823E0D7F8E43003F08003E2
:10686000002B09D0D7F8E03003F08003002B03D0D1
:10687000786800F035F914E0D7F8E43003F040030D
:10688000002B0ED0D7F8E03003F04003002B08D0E7
:10689000786800F074F904E000BF02E000BF00E097
:1068A00000BFE837BD4680BD80B483B000AF7860DC
:1068B00000BF0C37BD4680BC704780B483B000AFCA
:1068C00078600B467B8000BF0C37BD4680BC7047AC
:1068D00080B586B000AFF860B9603B601346FB71CD
:1068E0003BE03B6AB3F1FF3F37D0FDF733FD024693
:1068F0003B68D31A3A6A9A4202D33B6A002B01D111
:1069000003233AE0FB681B68DB6803F00403002BF9
:1069100023D0BB68802B20D0BB68402B1DD0FB68E8
:106920001B681B6803F00803082B16D100237B614A
:10693000FB681B681B687B61FB681B685B687B618D
:106940007B69F86800F056F8FB6808225A64FB6817
:10695000002283F8402001230FE0FB681B681A68BF
:10696000BB681340BA689A420CBF01230023DBB214
:106970001A46FB799A42B4D0002318461837BD4610
:1069800080BD80B485B000AFF860B9601346FB806D
:10699000FB68BA689A62FB68FA889A85FB68FA888D
:1069A000DA85FB6800225A64FB68222283F84220C1
:1069B000FB681B69002B07D0FB681B68DA68FB6863
:1069C0001B6842F48072DA60FB681B685A69FB68D6
:1069D0001B6842F001025A61FB681B68DA68FB68B9
:1069E0001B6842F02002DA60002318461437BD46C7
:1069F00080BC704780B495B000AF78607B681B683E
:106A00000C337B637B6B53E8003F3B633B6B23F4AE
:106A10009073FB647B681B680C33FA6C3A64FB630D
:106A2000F96B3A6C41E80023BB63BB6B002BE5D1EB
:106A30007B681B6814333B623B6A53E8003FFB6191
:106A4000FB6923F00103BB647B681B681433BA6CD9
:106A5000FA62BB62B96AFA6A41E800237B627B6A28
:106A6000002BE5D17B681B6B012B19D17B681B6860
:106A70000C33FB60FB6853E8003FBB60BB6823F04E
:106A800010037B647B681B680C337A6CBA617B6192
:106A90007969BA6941E800233B613B69002BE5D184
:106AA0007B68202283F842207B6800221A6300BFA3
:106AB0005437BD4680BC704780B584B000AF786065
:106AC0007B685B6AFB60FB680022DA85FB6800225A
:106AD000DA84F868FCF778FD00BF1037BD4680BD4A
:106AE00080B485B000AF78607B6893F84130DBB24A
:106AF000212B3ED17B689B68B3F5805F14D17B6806
:106B00001B69002B10D17B681B6AFB60FB681B882C
:106B10001A467B681B68C2F308025A607B681B6ACE
:106B20009A1C7B681A6208E07B681B6A591C7A68A9
:106B300011621A787B681B685A607B68DB8C9BB299
:106B4000013B9BB27A681946D184002B0FD17B6838
:106B50001B68DA687B681B6822F08002DA607B6859
:106B60001B68DA687B681B6842F04002DA60002329
:106B700000E0022318461437BD4680BC704780B53C
:106B800082B000AF78607B681B68DA687B681B683E
:106B900022F04002DA607B68202283F84120786886
:106BA000FFF782FE002318460837BD4680BD80B53A
:106BB0008CB000AF78607B6893F84230DBB2222B58
:106BC00040F0AE807B689B68B3F5805F17D17B682F
:106BD0001B69002B13D10023FB627B689B6ABB629D
:106BE0007B681B685B689BB2C3F308039AB2BB6AFD
:106BF0001A807B689B6A9A1C7B689A6226E07B6895
:106C00009B6AFB620023BB627B689B68B3F5805F75
:106C100007D07B689B68002B0AD17B681B69002B1F
:106C200006D17B681B685B68DAB2FB6A1A7008E001
:106C30007B681B685B68DBB203F07F03DAB2FB6A38
:106C40001A707B689B6A5A1C7B689A627B68DB8D32
:106C50009BB2013B9BB27A681946D185002B5DD16E
:106C60007B681B68DA687B681B6822F02002DA60A8
:106C70007B681B68DA687B681B6822F48072DA60C4
:106C80007B681B685A697B681B6822F001025A61A5
:106C90007B68202283F842207B6800225A637B684D
:106CA0001B6B012B35D17B6800221A637B681B6844
:106CB0000C337B617B6953E8003F3B613B6923F008
:106CC00010037B627B681B680C337A6A3A62FB6153
:106CD000F9693A6A41E80023BB61BB69002BE5D141
:106CE0007B681B681B6803F01003102B0AD100237C
:106CF000FB607B681B681B68FB607B681B685B68CC
:106D0000FB60FB687B689B8D19467868FFF7D5FDB3
:106D100002E07868FCF7F8FB002302E0002300E0C3
:106D2000022318463037BD4680BD000080B584B0D0
:106D300000AF78607B681B681B6923F440517B6857
:106D4000DA687B681B680A431A617B689A687B680B
:106D50001B691A437B685B691343BB607B681B68D4
:106D6000DB6823F4B05323F00C037A681268B96827
:106D70000B43D3607B681B685B6923F440717B68BD
:106D80009A697B681B680A435A617B681B682C4AB6
:106D9000934203D1FEF7E2FAF86002E0FEF7CAFA86
:106DA000F860FA6813469B0013449A001A447B6803
:106DB0005B689B00B2FBF3F3224AA2FB03235B094F
:106DC0001901FA6813469B0013449A001A447B6821
:106DD0005B689B00B2FBF3F21A4BA3FB02035B0957
:106DE000642000FB03F3D31A1B013233154AA2FBC4
:106DF00003235B0903F0F0031944FA6813469B0070
:106E000013449A001A447B685B689B00B2FBF3F260
:106E10000C4BA3FB02035B09642000FB03F3D31AB2
:106E20001B013233074AA2FB03235B0903F00F0265
:106E30007B681B680A449A6000BF1037BD4680BD5E
:106E4000003801401F85EB510A22002100F07AB87A
:106E5000242B2DE9F0478646904601D8012B06D118
:106E600000F08EFE162303600020BDE8F0870D467B
:106E700033482A4615F8014B065D16F00806F8D18E
:106E80002D2C10D101262C78951C33F0100215D131
:106E9000302C0DD12A7802F0DF02582A08D16C7804
:106EA000023510230AE02B2C04BF2C78951CECE74C
:106EB000002BF6D1302C14BF0A230823002206F140
:106EC000004C0CF1FF3CBCFBF3F9104603FB19CA64
:106ED000A4F13007092F0FD83C46A3421BDD571CF5
:106EE00007D0814514D301D1A24511DB012200FB5B
:106EF000034015F8014BEBE7A4F14107192F01D826
:106F0000373CEAE7A4F16107192F04D8573CE4E7BE
:106F10004FF0FF32EDE7531C08D122236046CEF834
:106F20000030B8F1000FA0D0691E06E006B1404263
:106F3000B8F1000F99D0002AF6D1C8F8001094E7F4
:106F4000139F000813460A46014602480068FFF7EF
:106F50007FBF00BF1C000020002B2DE9F0471D461D
:106F6000BBBF03F100431D4600232D2388B0144608
:106F7000B8BF1446129A109E1370149BDDF84CA0F3
:106F800023F02008B8F1460F05D0B8F1450F00D125
:106F90000136022300E0032307AA049206AACDE9E2
:106FA00002A2CDE9003622462B4600F0ADFEB8F134
:106FB000470F074619D1119BDB070ED500EB0609D9
:106FC0000022002320462946F9F7EEFC08B1CDF84F
:106FD0001C903022079B4B451ED33846079B159AC1
:106FE000DB1B136008B0BDE8F087B8F1460F00EB7B
:106FF0000609E5D10378302B0AD100220023204670
:107000002946F9F7D1FC18B9C6F10106CAF80060A3
:10701000DAF800309944D3E7591C07911A70D9E780
:10702000F7B50029B6BF2D232B2349420929027049
:10703000437029DD0DF1070425460A27B1FBF7F659
:10704000224607FB1613303302F8013C0B46632B34
:10705000314604F1FF34F1DC3031931E04F8011C99
:107060001C46411CAB420AD30DF109039B1AA542F1
:1070700038BF0023821C1344181A03B0F0BD13F864
:10708000016B01F8016FEDE7302330318370C1707F
:10709000031DF1E72DE9F04F91B00C46DDF8688053
:1070A00016461F46054600F021FD036818460A9360
:1070B000F9F74EF800230E93D8F8003094F818A092
:1070C000073323F00703F3E80212D4F800B0CDE948
:1070D0000812C8F8003013460A46C4E91223DDE955
:1070E000088323F000490B904FF0FF324046494699
:1070F0009B4BF9F78BFC70BB4FF0FF324046494683
:10710000974BF9F765FC30BBDDE90801002200234D
:10711000F9F754FC10B12D2384F84330914A924B77
:10712000BAF1470F8CBF9046984603234FF00009F1
:1071300023612BF004032360334621462846009741
:107140000FAA00F0D3F9013040F08F804FF0FF30EC
:1071500011B0BDE8F08FDDE9082310461946F9F7B4
:1071600055FC40B1099B814A002BBCBF2D2384F8FC
:1071700043307F4BD4E763680AF0DF095A1C3ED1E5
:107180000623636000224BF48063236006920EAAFC
:10719000CDE904A20DAA03920DF13302CDE901322B
:1071A000636828460093DDE90823FFF7D5FEB9F1AF
:1071B000470F80460D9929D1C81C02DB63688B42BA
:1071C00041DAAAF1020A5FFA8AFA5246013904F159
:1071D00050000D91FFF724FF0E9A81461318012AE3
:1071E000236102DC2268D20701D5013323619DF8B7
:1071F0003330002BA0D02D2384F843309CE7B9F125
:10720000470FBFD1002BBDD10123BAE7BAF1650FFB
:10721000DBD9BAF1660F18D1002963680BDD216153
:1072200013B92268D00702D501330B4423614FF014
:107230000009A165DBE713B92268D20701D5023343
:10724000F4E70123F2E74FF0670A0E9B8B4205DC5F
:1072500023682161D807EAD54B1CE7E70029CCBF9A
:107260000122C1F102021344E0E723685A0507D462
:107270002369424631462846B84701302BD165E79D
:10728000BAF1650F40F2DC80D4E91201002200233C
:10729000F9F78AFB002833D0012331462846354AC6
:1072A000B84701303FF452AFDDE90D38434502DB0A
:1072B0002368D8070FD5DDE90A2331462846B847A9
:1072C00001303FF443AF4FF0000908F1FF3804F1FB
:1072D0001A0AC84509DC23689B0700F10281E068AF
:1072E0000F9B9842B8BF184632E7012352463146F9
:1072F0002846B84701303FF429AF09F10109E8E712
:107300000D9B002B38DC012331462846194AB8472B
:1073100001303FF41BAFDDE90D3959EA030302D117
:107320002368D907D7D5DDE90A2331462846B8476F
:1073300001303FF40BAF4FF0000A04F11A0B0D9B24
:107340005B42534501DC4B4693E701235A463146E5
:107350002846B84701303FF4F9AE0AF1010AEEE7DA
:10736000FFFFEF7F17A0000813A000081FA0000870
:107370001BA0000823A00008A36DDDF838A053452A
:10738000A8BF5346002B994636DC4FF0000B29EA84
:10739000E97904F11A02A36D0893A3EB09035B4595
:1073A00031DC0D9B9A453ADC2368DA0737D40D9B14
:1073B000AAEB0309089BAAEB03039945A8BF9946CA
:1073C000B9F1000F33DC4FF0000829EAE97904F144
:1073D0001A0B0D9BAAEB0303A3EB090343457FF7AD
:1073E0007AAF01235A4631462846B84701303FF468
:1073F000ADAE08F10108ECE7424631462846B847F1
:107400000130C2D1A2E60123314628460892B8478E
:1074100001303FF49BAE089A0BF1010BBBE73146FC
:10742000DDE90A232846B8470130C0D18EE6089A24
:107430004B46314628464244B8470130C3D185E621
:10744000DDF838A0BAF1010F01DCDB0736D50123E6
:10745000424631462846B84701303FF477AEDDE971
:107460000A2331462846B84701303FF46FAED4E9CD
:107470001201002200230AF1FF3AF9F795FAC0B988
:10748000534608F1010231462846B84701300CD175
:107490005CE601235A4631462846B84701303FF49E
:1074A00055AE08F10108D045F3DB4B4604F150021C
:1074B000E0E64FF0000804F11A0BF4E7012342461E
:1074C000E1E701234A4631462846B84701303FF4F8
:1074D0003DAE08F10108E3680F995B1A4345F0DC03
:1074E000FDE64FF0000804F11909F4E72DE9F04733
:1074F000164698468A680B6907469342B8BF1346FA
:10750000336091F843200C46DDF820900AB1013336
:1075100033602368990642BF3368023333602568BD
:1075200015F0060506D104F1190AE36832689B1AC2
:10753000AB422BDC94F843302268003B18BF012398
:10754000920630D44146384604F14302C847013020
:1075500023D02368226903F00603042B14BF0025FF
:1075600033684FF0000608BFE56804F11A0408BF4D
:10757000ED1A54F8123C08BF25EAE5759342C4BFE2
:107580009B1AED18B5421AD1002008E0012352469B
:1075900041463846C847013003D14FF0FF30BDE8BF
:1075A000F0870135C1E73020E11881F843005A1C0B
:1075B00094F845102244023382F84310C2E70123B5
:1075C000224641463846C8470130E6D00136D9E761
:1075D0002DE9F0430D7E85B0782D904607460C4688
:1075E00099460C9E01F1430207D8622D0AD8002D5E
:1075F00000F0D780582D00F0BC8004F1420684F8DA
:1076000042503BE0A5F16303152BF6D801A151F8D8
:1076100023F000BF6D76000881760008FB75000836
:10762000FB750008FB750008FB75000881760008F3
:10763000FB750008FB750008FB750008FB7500086A
:1076400089770008AB7600083B770008FB750008D7
:10765000FB750008AB770008FB750008AB760008E7
:10766000FB750008FB7500084377000833681A1D96
:107670001B68326004F1420684F842300123A1E025
:1076800033682068191D3160060601D51D6803E0C6
:107690004506FBD5B3F90050002D03DA2D236D42CA
:1076A00084F843300A235B4811E0216833680806F8
:1076B00053F8045B02D4490648BFADB23360237E61
:1076C00054486F2B5CD10823002184F8431066686E
:1076D000002EA66005DB21682E4321F00401216005
:1076E00050D01646B5FBF3F103FB115C10F80CC04B
:1076F00006F801CDAC4663450D46F3D9082B0BD1F6
:107700002368DB0708D5236961689942DEBF30230F
:1077100006F8013C06F1FF36921B226143462146E2
:107720003846CDF8009003AAFFF7E0FE01304ED1B5
:107730004FF0FF3005B0BDE8F083236843F020032D
:1077400023607825344884F845502368316813F065
:10775000800F51F8045B03D113F0400F18BFADB296
:107760003160D90744BF43F0200323601DB11023CB
:10777000AAE72848E7E7236823F020032360F6E719
:107780000A23A1E71646B9E733682568181D616921
:1077900030602E061B6801D5196002E06806FBD533
:1077A0001980002316462361B8E7336800211A1DAB
:1077B00032601E686268304600F00FFA08B1801B24
:1077C000606063682361002384F84330A6E7324693
:1077D000414638462369C8470130A9D023689B0732
:1077E00013D4E068039B9842B8BF1846A2E7012370
:1077F000324641463846C847013099D00135E368E2
:1078000003995B1AAB42F2DCEBE7002504F11906A1
:10781000F5E700BF25A0000836A00008002310B53A
:107820000446C0E90033C0E90433836081814366C4
:10783000C2818361194608225C3000F04FF90D4B7C
:10784000246263620C4BA3620C4BE3620C4B236318
:107850000C4B9C4206D003F16802944202D0D03314
:107860009C4205D104F15800BDE8104000F0B2B9C7
:1078700010BD00BF557A0008777A0008AF7A00087B
:10788000D57A00085C050020024A0349034800F04D
:107890006BB800BF10000020859500082000002074
:1078A00041680C4B10B59942044601D001F06AFEC4
:1078B000A168094B994202D0204601F063FEE168BD
:1078C000064B994204D02046BDE8104001F05ABE54
:1078D00010BD00BF5C050020C40500202C06002060
:1078E0000C4B0D4A10B504211A600C480022FFF71A
:1078F00095FF0A4B01221C46092103F16800FFF79E
:107900008DFF04F1D0000222BDE810401221FFF7E4
:1079100085BF00BF94060020897800085C05002020
:10792000014800F058B900BF9D060020014800F052
:1079300053B900BF9D06002010B50446FFF7F0FFC5
:10794000236A1BB1BDE81040FFF7F0BF044B236270
:10795000044B1B68002BF5D1FFF7C2FFF2E700BF15
:10796000A1780008940600202DE9F84307468846D0
:1079700014460026D4E90195B9F1010905D524681A
:10798000002CF7D13046BDE8F883AB89012B07D92D
:10799000B5F90E30013303D029463846C0470643B7
:1079A0006835E9E70CB430B5184B0C1E1D689DB066
:1079B00008DA8B234FF0FF302B601DB0BDE830405C
:1079C00002B070474FF40273ADF814304FF000036B
:1079D0001B930CBF234604F1FF33049307934FF628
:1079E000FF7302900690ADF81630284621AB209A1E
:1079F00002A9019301F050FC431CBCBF8B232B60F8
:107A0000002CDAD00022029B1A70D6E71C0000205E
:107A10000EB46FF0004110B500249DB01FAB029072
:107A20000690079104910948094953F8042B0591E0
:107A3000006802A901931B9401F02EFC029B1C70AC
:107A40001DB0BDE8104003B0704700BF1C0000200F
:107A50000802FFFF10B50C46B1F90E1000F06CF8EB
:107A60000028ABBF636DA3891B1823F48053ACBF00
:107A70006365A38110BD2DE9F0411F468B89054642
:107A8000DB050C46164605D502230022B1F90E107F
:107A900000F040F8A389324623F48053A38128469E
:107AA0003B46B4F90E10BDE8F04100F057B810B5F0
:107AB0000C46B1F90E1000F02DF8B4F90C30421C50
:107AC0000BBF23F4805343F48053A381A38118BFD9
:107AD000606510BDB1F90E1000F00CB80346024409
:107AE000934200D1704703F8011BF9E70048704743
:107AF0005C01002038B50023054D044608462B6084
:107B0000FCF767F8431C02D12B6803B1236038BD32
:107B10009806002038B50446084611460022054D57
:107B20002A601A46FCF779F8431C02D12B6803B18E
:107B3000236038BD9806002038B504460846114633
:107B40000022054D2A601A46FCF70AF8431C02D1B0
:107B50002B6803B1236038BD9806002038B5044671
:107B6000084611460022054D2A601A46FCF715F812
:107B7000431C02D12B6803B1236038BD9806002056
:107B8000014B1868704700BF1C00002070B500262C
:107B90000C4D0D4B5B1B9C10A64209D1002602F038
:107BA00083F80A4D0A4B5B1B9C10A64205D170BDA1
:107BB00055F8043B98470136EEE755F8043B9847E3
:107BC0000136F2E788A2000888A2000888A200080F
:107BD0008CA20008704770477047034610B5C9B2C1
:107BE00002449342184601D1002003E00478013397
:107BF0008C42F6D110BD2DE9F74F03690C69074699
:107C0000A3427EDB013CA30000F1140501F114083E
:107C1000009305EB8403019358F8243055F8242091
:107C200001339A42B2FBF3F608EB84092ED34FF0EE
:107C3000000AC446AE46D3465CF8043B98B206FB45
:107C400000A01B0C020C06FB0323DEF8002080B210
:107C500092B2121A5A44DEF800004FEA134A9BB25D
:107C6000C3EB224303EB104392B242EA0342E145E5
:107C70004FEA234B4EF8042BDED2009BEB582BB976
:107C8000019B043B9D421A462FD33C61384601F0CC
:107C900097F9002825DB2946002058F8042BD1F855
:107CA00000C01FFA82FE1FFA8CF3A3EB0E030344FD
:107CB000120CC2EB234202EB1C429BB243EA02438A
:107CC000C1454FEA224041F8043BE6D255F8242052
:107CD00005EB840322B9043B9D421A460BD33C6159
:107CE0000136304603B0BDE8F08F1268043B002A2D
:107CF000CBD1013CC6E71268043B002AEFD1013C1E
:107D0000EAE70020EEE700002DE9F04F16461F4697
:107D1000C26999B08146CDE90E67259C82B91020D1
:107D200000F020FE0246C9F81C0020B9EF21A84B44
:107D3000A84801F087FC0023C0E901330360C36059
:107D4000116859B101235268484693404A608B60DC
:107D500000F0FCFE0022D9F81C301A60B7F10008D0
:107D6000B5BF01230023236023609B4BBCBF28F0D9
:107D70000048CDF83C8033EA08031AD142F20F7371
:107D8000249AC8F3130858EA0608136000F07485B3
:107D9000269B53B9914B21E0914B03930833269ACC
:107DA0001360039819B0BDE8F08F8C4B0393033335
:107DB000F5E7DDE90E34CDE90A34DDE90A010022F8
:107DC0000023F8F7F1FD824650B10123249A136095
:107DD000269B13B1834B269A1360834B0393E0E7F2
:107DE00016AB019317AB00934846DDE90A2301F077
:107DF0009BF95FEA1854169D04907BD0DDE90A01D7
:107E00000B9BA4F2FF34C3F3130343F07F5343F4FB
:107E10004013CDF850A019460022744BF8F7A4F98E
:107E200065A3D3E90023F8F757FB65A3D3E9002343
:107E3000F8F79CF9064620460F46F8F7E3FA62A3E6
:107E4000D3E90023F8F748FB02460B463046394693
:107E5000F8F78CF906460F46F8F7EEFD002280464B
:107E6000002330463946F8F7A9FD48B14046F8F7F7
:107E7000C9FA32463B46F8F797FD08B908F1FF38D2
:107E8000B8F1160F53D8DDE90A01594B03EBC803CB
:107E9000D3E90023F8F792FD00284AD0002308F127
:107EA000FF3811932D1B6B1E099349BF0023002738
:107EB000C5F101070993B8F1000F3CDB099BCDF830
:107EC00040804344099300230C93229B092B64D8E0
:107ED000052BC4BF043B2293229BC8BF0024A3F1FF
:107EE0000203D8BF0124032B00F28680DFE803F0F1
:107EF0005153362B179C2C4404F23243202BC1BF24
:107F0000C3F1400308FA03F804F2124326FA03F31C
:107F1000D6BFC3F1200348EA030006FA03F0F8F7DE
:107F200061FA0122A1F1F873013C149273E7012375
:107F3000B7E71190B6E7C8F100030C930023A7EB55
:107F400008071093C1E701230D93239B4344089333
:107F50000133012B0593B8BF012306E001230D93E4
:107F6000239B002B4BDD0893059300210422D9F8B5
:107F70001C0002F114059D4246D94160484600F0BC
:107F8000A7FD0390002842D1024640F2AF11194BE1
:107F9000CEE60023E3E70023D6E7012400230D9477
:107FA00022934FF0FF33002208930593122323926C
:107FB000DBE700BFAFF3008061436F63A787D23F69
:107FC000B3C8608B288AC63FFB799F501344D33FC8
:107FD00054A000086BA000080000F07F50A000082B
:107FE00047A0000824A0000823A000080000F83FD4
:107FF000B8A10008C3A0000801230D93D1E7012315
:108000001A4608930593D2E701315200B1E7D9F837
:108010001C30039A1A60059B0E2B00F2A180002CE5
:1080200000F09E80B8F1000F36DD9F4B08F00F0284
:1080300003EBC20318F4807F4FEA2815D3E900ABA5
:1080400016D0DDE90A01994B0324D3E90823F8F798
:108050006DFBCDE9060105F00F05944E75B9DDE91C
:10806000060152465B46F8F761FB82468B462DE0DF
:10807000DDE90A34CDE906340224EEE7E90708D544
:10808000D6E9002350465946F8F726FA82468B4631
:1080900001346D100836E1E700F0AD80DDE90A013A
:1080A000C8F10005804B05F00F0203EBC203D3E9D2
:1080B0000023F8F711FA022482468B4600237B4EF8
:1080C0002D11002D40F08C80002BCED1119B002B68
:1080D00000F09580002250465946754BF8F76EFC2B
:1080E000002800F08C80059B002B00F08880089B06
:1080F000002B35DD08F1FF33504659460693002228
:108100006C4BF8F7E9F982468B46089E013420460D
:10811000F8F778F952465B46F8F7DEF90022664B2D
:10812000F8F724F80446A1F15075CDE91245002E68
:1081300069D1002250465946604BF8F715F822469F
:108140002B4682468B46F8F757FC002840F0998270
:1081500022465046594605F10043F8F72FFC20BB54
:10816000179B002BC0F26581B8F10E0F00F36181FF
:108170004D4B03EBC803D3E900AB239B002B80F2EC
:10818000EF80059B002B00F3EB800ED100224B4BC0
:1081900050465946F8F7A0F902460B46DDE90A01B8
:1081A000F8F716FC002800F06F8200252C46239B70
:1081B000039EDB430693274600242946484600F0E9
:1081C000C5FC002F00F0C2802CB1BC4203D0214678
:1081D000484600F0BBFC3946484600F0B7FCB5E025
:1081E000EA0705D5D6E90023F8F776F9012301342B
:1081F0006D10083665E70224DDE90AAB66E7059EE7
:10820000CDF8188083E7284B03EBC60353E902013E
:108210000D9B002B56D002460B4600202849F8F74C
:1082200085FADDE91223F7F79FFF039BCDE91201E1
:108230009D191E4659465046F8F7FEFB0446F8F7CE
:10824000E1F802460B4650465946F7F78DFFDDE947
:108250001223303406F8014B82468B46F8F7AEFB0A
:10826000002873D152465B4600201149F7F77CFF86
:10827000DDE91223F8F7A2FB002840F0BB80AE42F4
:108280003FF46EAFDDE9120100220A4BF8F724F942
:108290000022CDE91201074B50465946F8F71CF968
:1082A00082468B46C6E700BFB8A1000890A100082F
:1082B0000000F03F0000244000001C40000014407B
:1082C0000000E03FDDE91223F8F706F9039BCDE952
:1082D00012013344039D159359465046F8F7ACFB01
:1082E0000446F8F78FF80B46024659465046F7F712
:1082F0003BFF3034159B05F8014B9D4282468B466F
:1083000027D1DDE91201039B00221E44B54BF7F78C
:108310002DFF02460B4650465946F8F76DFB0028E4
:1083200068D1DDE912230020AE49F7F71DFF0246B0
:108330000B4650465946F8F741FB00283FF410AF72
:10834000334616F8012D302AFAD01E46DDF8188083
:108350003EE00022A44BF8F7BFF882468B46BBE70D
:108360000024039EA04D5246DDE90A015B46F8F762
:10837000DDF9F8F761FB0746F8F744F852465B462B
:10838000F8F7AAF802460B46DDE90A01F7F7ECFE1A
:1083900007F1300C06F801CBDDF80CC0DDF814E075
:1083A000A6EB0C0CE64502460B4633D1F7F7DEFE92
:1083B00052465B4604460D46F8F71EFBC0B95246CE
:1083C0005B4620462946F8F7EFFA08B1FB070FD4C1
:1083D0004846049900F0BAFB0023249A337008F150
:1083E00001031360269B002B3FF4DBAC1E60D8E436
:1083F000CDF8188033461E4613F8012D392A06D1D0
:10840000039A9A42F7D1069A01320692302201323B
:108410001A709BE722462B46F8F75EF802460B4699
:10842000CDE90A2300220023F8F7BEFA00289AD0EB
:10843000CEE70D9A002A00F0E380229A012A00F389
:10844000C280149A002A00F0BA8003F233430C9DD4
:108450003E46099A01211A4448461F44099200F0F9
:1084600029FC044656B1099B002B07DDB342A8BF87
:108470003346099AFF1AF61AD31A09930C9B0BB3C9
:108480000D9B002B00F0C380002D00F0BD80214625
:108490002A46484600F0CCFC049A01460446484669
:1084A00000F01EFC04998246484600F04FFB0C9BEE
:1084B0005B1B0C9300F0AE8051460C9A484600F0CE
:1084C000B7FC04900121484600F0F4FB109B0546E0
:1084D000002B00F0D8811A460146484600F0A8FC5F
:1084E000229B0546012B00F39D800E9B002B40F044
:1084F00094800F9BC3F31303002B40F08E800F9BDF
:1085000023F000431B0D1B05002B00F089804FF06A
:10851000010A099B013701330993109B002B00F0DE
:10852000B8812B6905EB8303186900F077FBC0F174
:108530002000099B184410F01F007ED0C0F12003DA
:10854000042B72DD099BC0F11C0003440744064460
:108550000993002F05DD3A464846049900F0C4FC13
:108560000490099B002B05DD29461A46484600F079
:10857000BBFC0546119B002B61D02946049800F0F6
:108580001FFD00285BDA08F1FF3306930A2200235F
:108590004846049900F0FCFA0D9B0490002B00F073
:1085A0007A81002321460A22484600F0F1FA089B0E
:1085B0000446002B72DC229B022B49DC6EE0169BEA
:1085C000C3F1360343E7059B5D1E0C9BAB420DDBFD
:1085D0005D1B059B002BBFF63BAF059BFE1A0023DE
:1085E00037E700BF0000E03F000024400C9B109ADA
:1085F000EB1A1A440C953E460025059B109228E77D
:108600003E460C9D0D9C2DE7DDF810A054E70C9A1A
:10861000049953E7CDF810A054E74FF0000A7CE727
:108620009A467AE74FF0000A7BE792D0099A1C330A
:108630001A441F441E4409928BE70346F6E7059B44
:10864000CDF81880002B23DC0893229B022B21DD20
:10865000089B002B7FF4ABAD29460522484600F06D
:1086600097FA01460546049800F0AAFC00287FF717
:108670009EAD3123039E06F8013B069B0133069312
:1086800099E535462C46F4E7059DCDF81880F9E7C5
:10869000059B08930D9B002B00F00181002E05DD4A
:1086A00021463246484600F01FFC0446BAF1000F4E
:1086B0005AD04846616800F00BFA064628B90246CF
:1086C00040F2EF21814BFFF733BB226904F10C012B
:1086D000023292000C3000F0A7FF012231464846DA
:1086E00000F002FC0746039B039A03F1010B089B71
:1086F00013440A930E9B03F0010309930BF1FF331C
:10870000294604980593FFF776FA2146089000F170
:10871000300A049800F054FC3A4680462946484600
:1087200000F06AFCC268064602BB0146049800F0ED
:1087300047FC0246314648460C9200F007FA229B5D
:108740000C9A5E4642EA0301099B194310D1BAF123
:10875000390F2BD0B8F1000F02DD089B03F1310A6D
:10876000059B83F800A028E52746BCE70122E1E746
:10877000B8F1000F06DB229B48EA0308099B58EA80
:10878000030820D1002AEBDD01220499484600F0BD
:10879000ABFB2946049000F013FC002803DCDFD17A
:1087A0001AF0010FDCD0BAF1390FD6D13923059A6E
:1087B000137033461E4616F8012C013B392A53D05C
:1087C00001321A70F9E4002A07DDBAF1390FEDD051
:1087D000059A0AF101031370EFE40A9B0BF801AC50
:1087E0005B452BD000230A220499484600F0D0F9BB
:1087F000BC4204904FF000034FF00A022146484665
:1088000006D100F0C5F9044607460BF1010B75E7E8
:1088100000F0BEF93946044600230A22484600F01B
:10882000B7F90746F1E7089B2746002B03F1FF360F
:10883000D8BF00260024039B5A1C16440122049929
:10884000484600F051FB2946049000F0B9FB00288F
:10885000AFDC02D11AF0010FABD133461E4613F83C
:10886000012D302AFAD0A8E4039A9A42A2D1069B9D
:10887000013306933123AEE7269B002B7FF48CAAAD
:10888000134BFFF7ABBA229B012B7FF72EAEDDF81F
:1088900040A001204DE6089B002B7FF7D6AE039E3B
:1088A00029460498FFF7A7F9039B00F1300A06F860
:1088B00001ABF21A089B9342B5DD00230A22484619
:1088C000049900F065F90490EAE700BFC3A000082E
:1088D00047A0000838B50546002940D051F8043CAF
:1088E0000C1F002BB8BFE41800F0E6F81C4A136810
:1088F00033B9636014602846BDE8384000F0E2B840
:10890000A34208D9206821188B4201BF19685B680F
:1089100009182160EDE71A465B680BB1A342FAD94A
:1089200011685018A0420BD12068014450188342AE
:108930001160E0D118685B68084410605360DAE7A2
:1089400002D90C232B60D6E7206821188B4201BF87
:1089500019685B680918216063605460CBE738BD13
:10896000A4060020024B0146186800F025B800BF9D
:108970001C00002070B50F4E0C463168054611B939
:1089800000F042FE30602146284600F03DFE431CC8
:1089900003D14FF0FF34204670BDC41C24F0030403
:1089A000A042F8D0211A284600F02EFE0130F2D164
:1089B000EFE700BFA00600202DE9F843CD1C25F00D
:1089C000030508350C2D38BF0C25002D064601DBAC
:1089D000A94204D90C2333600020BDE8F883DFF8F6
:1089E000D48000F069F8D8F800301C4644BB294612
:1089F0003046FFF7BFFF431C044658D1D8F800406B
:108A00002746002F43D1002C4BD0236839463046EF
:108A100004EB030900F0F8FD814542D1216830469E
:108A20006D1A2946FFF7A6FF01303AD023682B4480
:108A30002360D8F800305A6862BBC8F800700FE0B5
:108A40002268521B20D40B2A17D96119A342256032
:108A500018BF5960636808BFC8F8001062514B60C6
:108A6000304600F02FF804F10B00231D20F0070022
:108A7000C21A1CBF1B1AA350AFE76268A3420CBF07
:108A8000C8F800205A60EBE723466468AEE73C462E
:108A90007F68B6E71A465B68A342FBD100235360A8
:108AA000DEE70C233046336000F00CF894E70560F5
:108AB000D6E700BFA40600200148FFF78CB800BF2E
:108AC0009C0600200148FFF787B800BF9C060020E5
:108AD00070B5C46905460E4684B91020FFF742FF01
:108AE0000446E86128B902466B21164B164800F08F
:108AF000A9FD0023C0E901330360C360E36853B9F3
:108B000021220421284600F0BBFDEB69E060DB6810
:108B10000BB9002070BD53F8260030B1026843F84D
:108B200026200023C0E90333F4E7012101FA06F40B
:108B3000621D2846920000F0A3FD0028E9D0C0E99C
:108B40000164EEE754A00008D4A0000870B5C6691F
:108B500005460C4676B91020FFF704FF0246E8618F
:108B600020B98F21084B094800F06CFDC0E901666F
:108B70000660C6603CB1EB696268DB6853F822109E
:108B8000216043F8224070BD54A00008D4A0000822
:108B90002DE9F04107460C461E4600200D6901F103
:108BA000140CDCF80030013099B202FB01611E0C9C
:108BB0000B0C02FB063389B201EB034185424FEAFD
:108BC00013464CF8041BECDC0EB3A368AB4219DC73
:108BD000616838460131FFF77BFF804628B90246BD
:108BE000BA210C4B0C4800F02DFD226904F10C0158
:108BF000023292000C3000F017FD21463846FFF794
:108C0000A5FF444604EB850301355E6125612046DE
:108C1000BDE8F081C3A00008D4A000080346B0F569
:108C2000803F3ABF030410200020B3F1807F3CBF97
:108C30001B020830B3F1805F3CBF1B010430B3F16D
:108C4000804F3CBF9B000230002B05DB13F0804FB0
:108C500000F1010008BF202070470368024613F0AE
:108C600007000BD0D90721D4980749BF5B089B08A0
:108C7000012013605CBF02201360704799B209B9EC
:108C800010201B0CD9B209B908301B0A190704BF00
:108C90001B090430990704BF9B080230D90703D48D
:108CA0005B0800F1010003D013607047002070479B
:108CB0002020704710B50C460121FFF709FF02463E
:108CC00028B940F24511044B044800F0BBFC0123D5
:108CD0004461036110BD00BFC3A00008D4A0000818
:108CE0002DE9F04FD1F81090D2F810A08846D14568
:108CF000144685B004DB53460C46CA469046994656
:108D0000A36861680AEB0906B342B8BF0131FFF7F7
:108D1000DFFE30B902464FF4B171434B434800F0D7
:108D200091FC00F114052B46002205EB8607BB429F
:108D30001FD304F1140C08F114010CEB8A0301EBAE
:108D4000890202921A1B153A22F0030215349C4242
:108D500088BF00220192029A03918A420CD8002E09
:108D600003DD57F8043D002B5CD0066105B0BDE87B
:108D7000F08F43F8042BDAE7B1F800A0BAF1000F46
:108D800023D0E046A9464FF0000E58F8042BD9F83E
:108D900000401FFA82FBA4B20AFB0B447444D9F8CA
:108DA00000E0120C4FEA1E4E0AFB02E202EB1442F4
:108DB000A4B244EA024443454FEA124E49F8044B38
:108DC000E3D8019AAA18C2F804E0039A0431B2F871
:108DD0000280B8F1000F23D02A68E6469146AA46E1
:108DE0004FF0000BBEF8004092B208FB04B404EB55
:108DF000194442EA04424AF8042B5EF8042BDAF8DC
:108E000000904FEA124B1FFA89F208FB0B227345C0
:108E100002EB14424FEA124BE4D8019C2C19626019
:108E2000043598E7013E9AE7C3A00008D4A00008E3
:108E30002DE9F843174612F0030280460D4607D08D
:108E4000264C013A002354F82220FFF7A1FE0546E4
:108E5000BF103FD0D8F81C4094B91020FFF782FD16
:108E60000446C8F81C0030B9024640F2B3111C4B4E
:108E70001C4800F0E7FB0023C0E901330360C36036
:108E8000A66846B940F271214046FFF713FF002360
:108E90000646A06003602C464FF0000907F001036E
:108EA0007F1053B1294632464046FFF719FF21464D
:108EB00005464046FFF74AFE67B1306838B932468A
:108EC00031464046FFF70CFF3060C0F80090064680
:108ED0002C46E3E72846BDE8F88300BF84A10008DC
:108EE00054A00008D4A000082DE9F84F0C4607460E
:108EF00015462369496803EB6218A3684FEA621AB2
:108F000008F101094B450BDB3846FFF7E1FD06464A
:108F100048B902464FF4EF71274B284800F092FB06
:108F200001315B00EEE70023194600F1140C00F15B
:108F30001002534534DB22692AEAEA7A0CEB8A0CE8
:108F400004F1140315F01F0E614603EB82022BD0CF
:108F50000025CEF1200A8B461868043100FA0EF085
:108F60002843CBF8000053F8045B9A4225FA0AF52F
:108F7000F1D8131B153B23F0030304F115018A42BA
:108F800038BF00239C44CCF8045005B9C14638468C
:108F90002146C6F81090FFF7D9FD3046BDE8F88F9E
:108FA00042F8041F0133C4E753F8045B04319A42CA
:108FB00041F8045CF8D8E9E7C3A00008D4A0000891
:108FC00003460A69006930B5801A0ED11433143192
:108FD00003EB820401EB820154F8045D51F8042D87
:108FE000954203D005D24FF0FF3030BDA342F3D3FA
:108FF000FBE70120F9E700002DE9F74F8A46064616
:10900000114650461446FFF7DBFF051E12D12946D4
:109010003046FFF75DFD024628B940F23721404B4C
:10902000404800F00FFB0123C0E90435104603B0AF
:10903000BDE8F08FBCBF5346A2463046DAF80410B4
:10904000BABF1C4601250025FFF742FD024618B9AC
:1090500040F24521324BE3E7C56000F11405AB4611
:109060004FF0000CDAF8107026690AF1140904F1C7
:10907000140E0AF1100309EB87080EEB8606019324
:10908000019B5EF8040B53F804AF81B201931FFA01
:109090008AF35B1A000C6344C0EB1A4000EB2340D8
:1090A0009BB243EA004376454FEA204C4BF8043B21
:1090B000E6D8331B153B153423F00303A64238BF13
:1090C0000023E8184B441C1D26460430A5EB090577
:1090D000464506EB050E0ED308F10301091B21F0EE
:1090E00003010133984538BF0021014451F8043D84
:1090F000A3B117619AE7E24656F8041B1FFA81FCF8
:10910000D4444FEA1149514409EB2C4989B241EA50
:1091100009414FEA294CCEF80010D9E7013FE5E7B5
:10912000C3A00008D4A000082DE973430121904694
:109130009946089EFFF7CCFC044630B9024640F23F
:109140000F31234B234800F07DFAC9F30A55C9F3C8
:1091500013030DB143F480130193B8F1000324D03D
:1091600068460093FFF779FD0099E0B1019AC0F1DC
:10917000200302FA03F30B43C24063610192019B97
:10918000002B0CBF01220222A3612261ADB1A5F226
:10919000334505443560C0F13500099B1860204611
:1091A00002B0BDE870836161E9E701A8FFF755FDF2
:1091B000019B012263612030E7E7A0F2324004EB1B
:1091C000820330601869FFF729FDC0EB4210E4E725
:1091D000C3A00008D4A000082DE9F0471F468E6800
:1091E0008246BE420C469046334653D8B1F90C0035
:1091F00010F4906F2BD065692368096905EB45056C
:10920000A3EB010905EBD5757B1C6D104B44AB42FC
:109210002A4684BF1D462A46430527D51146504697
:10922000FFF7CAFB064658B34A46216900F0FCF92D
:10923000A38923F4906343F08003A38126614E4405
:1092400026603B463E466561A5EB0905A5601F46C5
:109250003A464146206800F0BDF90020A3689B1BF8
:10926000A36023683B442360BDE8F087504600F0CC
:109270002DFA06460028E1D150462169FFF72AFB66
:109280000C23CAF80030A3894FF0FF3043F04003AD
:10929000A381E9E73E46DBE72DE9F0471F468B89CE
:1092A00006461B060D4614469CB010D50B6973B9D3
:1092B0004021FFF781FB2860286130B90C2333601F
:1092C0004FF0FF301CB0BDE8F08740236B610023F6
:1092D000099320238DF8293030234FF0010803979C
:1092E000644F8DF82A302346994613F8012B0AB1B2
:1092F000252AF9D1B9EB040A0BD053462246294658
:109300003046FFF769FF013000F0A480099A52440B
:10931000099299F80030002B00F09C8000234FF058
:10932000FF32CDE9052309F10109049307938DF874
:1093300053301A934C46052214F8011B4D48FEF792
:109340004CFC049BD0B9D80644BF20228DF8532092
:10935000190744BF2B228DF8532099F800202A2AA0
:1093600013D04C4600204FF00A0C079A214611F802
:10937000013B303B092B49D968B913E0C01B08FAFF
:1093800000F01843A1460490D4E7039A111D126817
:109390000391002A01DB079204E0524243F00203EA
:1093A0000792049323782E2B0AD163782A2B32D18B
:1093B000039B02341A1D1B68039243EAE37305936F
:1093C000DFF8B490032248462178FEF706FC38B156
:1093D0004022049BA0EB0900824013430134049314
:1093E00014F8011B062225488DF82810FEF7F5FB1E
:1093F000002835D0224818BB039B073323F007030E
:1094000008330393099B034409936CE70C4601203E
:109410000CFB0232AAE700234FF00A0C1946013474
:109420000593204610F8012B303A092A03D9002B66
:10943000C6D00591C4E7044601230CFB0121F0E7E7
:1094400003AB00932A4630460E4B04A9FDF722FEDB
:10945000421CD7D1AB895B063FF532AF099831E7A3
:1094600003AB00932A463046064B04A9FEF7B0F83A
:10947000EEE700BF2DA1000833A1000837A10008C6
:1094800095700008D9910008B1F90C20F8B51607BD
:1094900005460C4651D44B68002B02DC0B6C002BAC
:1094A00049DDE66A002E46D0002312F480522F6870
:1094B0002B6031D0626DA389590705D56368D21A34
:1094C000636B0BB1236CD21A00232846E66A216A2B
:1094D000B047421CB4F90C3006D129681D2945D883
:1094E000274ACA40D60741D5002262602269D904C2
:1094F000226004D5421C01D12B6803B96065616B01
:109500002F60C1B104F14403994202D02846FFF70D
:10951000E1F9002363630EE001232846216AB04786
:109520000246501CC7D12B68002BC4D01D2B01D084
:10953000162B19D12F6000201DE00F69002FFAD0E3
:10954000930718BF00230E6808BF4B69F61B0F6016
:109550008B60002EEFDD33463A462846216AD4F868
:1095600028C0E047002807DCB4F90C304FF0FF308A
:1095700043F04003A381F8BD0744361AE9E700BF72
:109580000100402038B50B6905460C4613B900258B
:10959000284638BD18B1036A0BB9FEF7CDF9B4F906
:1095A0000C30002BF3D0626ED00704D4990502D49E
:1095B000A06DFEF710FB28462146FFF765FF636E9E
:1095C0000546DA07E4D4A3899B05E1D4A06DFEF734
:1095D00003FBDDE7884210B501EB020402D98442A7
:1095E000234607D8431EA14207D011F8012B03F8E8
:1095F000012FF8E70244824200D110BD13F8011D8B
:1096000002F8011DF7E7000038B50023054D0446B8
:1096100008462B60FAF70EFB431C02D12B6803B1FE
:10962000236038BD980600200A44914200F1FF33C0
:1096300000D1704710B511F8014B914203F8014F6A
:10964000F9D110BD1FB514461A46094B05461B68D3
:10965000D8684CB1074BCDE9013400912B4606493F
:1096600000F070F800F080F8044B1C46F3E700BFF0
:109670001C00002048A1000855A1000883A1000893
:1096800070B5A1FB025434B92946FFF795F9064697
:1096900028B9304670BD0C2200260260F9E72A4640
:1096A0002146FEF71BFAF4E782B001B901A942B1E5
:1096B0004BB113780B601278101E18BF012002B056
:1096C00070471046FBE76FF00100F8E72DE9F04125
:1096D000074614460D4621B91146BDE8F041FFF793
:1096E0006BB92AB9FFF7F6F825462846BDE8F081A0
:1096F00000F041F88442064602D8B4EB500FF4D88B
:1097000021463846FFF758F9804608B94546ECE748
:10971000B4422246294628BF3246FFF785FF294634
:109720003846FFF7D7F8F1E70346084641B1FF2A6C
:1097300004D98A224FF0FF301A60704701200A7066
:10974000704700000EB403B5014603AB054853F85B
:10975000042B0068019300F03DF802B05DF804EBC3
:1097600003B070471C000020062008B500F000FA86
:109770000120FAF7EAF951F8043C181F002BBCBF8E
:109780000B58C0187047936810B4013B002B9360CE
:1097900007DA9469A34201DB0A2902D110BC00F068
:1097A0002DB91368581C10601970084610BC70471A
:1097B000F8B506460F461446D518AC4201D1002034
:1097C00007E03A46304614F8011BFFF7DCFF431C64
:1097D000F3D1F8BD2DE9F0470D4614461F46064665
:1097E0009CB018B1036A0BB9FEF7A6F86B6ED907E7
:1097F00005D4AB899A0502D4A86DFEF7ECF9AB89C4
:109800001B0701D52B699BB92946304600F034F976
:1098100070B16B6EDC0704D54FF0FF301CB0BDE8B3
:10982000F087AB899805F7D4A86DFEF7D5F9F3E773
:109830000023099320238DF8293030234FF00108AD
:109840000397694F8DF82A302346994613F8012B68
:109850000AB1252AF9D1B9EB040A0BD053462246A6
:1098600029463046FFF7A4FF013000F0A480099A92
:109870005244099299F80030002B00F09C8000239C
:109880004FF0FF32CDE9052309F101090493079355
:109890008DF853301A934C46052214F8011B524898
:1098A000FEF79BF9049BD0B9D90644BF20228DF85E
:1098B00053201A0744BF2B228DF8532099F800201B
:1098C0002A2A13D04C4600204FF00A0C079A214652
:1098D00011F8013B303B092B49D968B913E0C01B93
:1098E00008FA00F01843A1460490D4E7039A111D2A
:1098F00012680391002A01DB079204E0524243F010
:1099000002030792049323782E2B0AD163782A2B23
:1099100032D1039B02341A1D1B68039243EAE3739E
:109920000593DFF8C890032248462178FEF755F9E1
:1099300038B14022049BA0EB09008240134301345C
:10994000049314F8011B062229488DF82810FEF70D
:1099500044F900283ED0274818BB039B073323F067
:10996000070308330393099B034409936CE70C46F0
:1099700001200CFB0232AAE700234FF00A0C194623
:1099800001340593204610F8012B303A092A03D9F7
:10999000002BC6D00591C4E7044601230CFB01212E
:1099A000F0E703AB00932A463046134B04A9FDF7BA
:1099B00071FB431CD7D16B6ED90705D4AB899A05CF
:1099C00002D4A86DFEF708F9AB895B063FF524AF1A
:1099D000099823E703AB00932A463046064B04A9B7
:1099E000FDF7F6FDE5E700BF2DA1000833A1000853
:1099F00037A1000895700008B1970008F8B50E4629
:109A00001446054618B1036A0BB9FDF795FFA36923
:109A1000A360A3891A0701D5236943B921462846C3
:109A200000F02AF818B14FF0FF373846F8BD236828
:109A30002269F6B2981A63693746834205DC2146EB
:109A40002846FFF79FFD0028EDD1A368013BA360E6
:109A500023685A1C22601E706269431C9A4204D01B
:109A6000A389DB07E1D50A2EDFD121462846FFF77F
:109A700089FD0028D9D0D6E738B5284B05461868A7
:109A80000C4618B1036A0BB9FDF756FFB4F90C3058
:109A90001A0721D4D80607D409222A6043F04003CC
:109AA0004FF0FF30A38130E0590712D5616B41B10F
:109AB00004F14403994202D02846FEF70BFF00232D
:109AC00063630022B4F90C306260226923F024033E
:109AD000226043F00803A38122693AB99A0501D5AF
:109AE000180603D52146284600F082F8B4F90C3058
:109AF00013F001020AD00022A26062695242A26100
:109B0000226942B913F08000C8D138BD990758BF07
:109B10006269A260F4E70020F7E700BF1C000020A4
:109B20001F2938B505460C4604D9162303604FF0AB
:109B3000FF3038BDC26B12B152F821304BB9284604
:109B400000F030F8224601462846BDE8384000F0D3
:109B500017B8012B0AD0591C03D11623036001202A
:109B6000E7E70021204642F8241098470020E0E76C
:109B7000024B01461868FFF7D3BF00BF1C0000204E
:109B800038B50023064D0446084611462B60F9F708
:109B9000CCFF431C02D12B6803B1236038BD00BF4A
:109BA00098060020F9F7BABF70B50C46B1F90E104F
:109BB000154600291E4696B00ADAA18911F08001E7
:109BC00013D14FF48062002031602A6016B070BD5E
:109BD0006A4600F047F80028EFDB019901F4704174
:109BE000A1F5005359425941EBE700214022EAE731
:109BF0008B8973B59E0705460C4607D504F14703CC
:109C0000236023610123636102B070BD01AB6A462A
:109C1000FFF7CAFF009E28463146FEF7CDFEB4F995
:109C20000C3038B99A05EFD423F0030343F0020354
:109C3000A381E3E743F08003A381019BC4E9040609
:109C40002060002BE0D02846B4F90E1000F01CF87C
:109C50000028D9D0A38923F0030343F00103A38193
:109C6000D2E7000038B50023064D044608461146E9
:109C70002B60F9F7B9FF431C02D12B6803B12360B5
:109C800038BD00BF9806002038B50023054D0446B6
:109C900008462B60F9F7B7FF431C02D12B6803B1CC
:109CA000236038BD98060020F8B500BFF8BC08BC9A
:109CB0009E467047F8B500BFF8BC08BC9E4670478A
:109CC000496E696369616E646F2E2E2E0D0A000065
:109CD0004552524F523A2048583731310D0A000050
:109CE0004552524F523A434F4C415F4C4C454E41C6
:109CF0000D0A00005065736F3A20256C640D0A0050
:109D00004552524F523A0D0A000000003A44455461
:109D1000454E49444F0D0A004552522C5253343897
:109D2000352C4E4F5F53455F5055444F5F454E565F
:109D30004941525F524553554C5441444F0D0A001E
:109D40004552522C52533438352C4E4F5F53455F99
:109D50005055444F5F454E564941525F504F4E4714
:109D60000D0A00004552522C52533438352C4E4FB8
:109D70005F53455F5055444F5F454E564941525FD2
:109D800045535441444F0D0A000000004552522CE7
:109D900052533438352C4E4F5F53455F5055444F26
:109DA0005F454E564941525F4556454E544F5F43BD
:109DB000494E54410D0A00004552522C525334383A
:109DC000352C4E4F5F53455F5055444F5F454E56BF
:109DD0004941525F4556454E544F5F5045534F0DD4
:109DE0000A0000004552522C52533438352C4E4F45
:109DF0005F53455F5055444F5F524553504F4E445B
:109E000045525F53494E5F4556454E544F0D0A002B
:109E10003A512C25752C25752C256C752C256C75C7
:109E20002C256C640D0A0000414354495641444FAF
:109E30000D0A0000444553414354495641444F0DD7
:109E40000A000000434F4E4649475552414E444F89
:109E50002E2E2E0D0A000000546172653A20256CEA
:109E6000640D0A00466163746F723A20252E3666CF
:109E70000D0A00004552524F523A204E4F20544195
:109E800052410D0A000000004552524F523A4F42D3
:109E90004A45544F204E4F20434C41534946494375
:109EA00041444F310D0A00004552524F523A4F4241
:109EB0004A45544F204E4F20434C41534946494355
:109EC00041444F320D0A00004552524F523A4F4220
:109ED0004A45544F204E4F20434C41534946494335
:109EE00041444F330D0A0000000000000000000054
:109EF0000102030406070809000000000102030430
:109F000002030405060708090A0B0C0D0E0F1010BA
:109F1000010200202020202020202020282828287E
:109F20002820202020202020202020202020202029
:109F30002020208810101010101010101010101079
:109F40001010100404040404040404040410101089
:109F50001010101041414141414101010101010135
:109F600001010101010101010101010101011010C3
:109F70001010101042424242424202020202020209
:109F80000202020202020202020202020202101095
:109F90001010200000000000000000000000000081
:109FA00000000000000000000000000000000000B1
:109FB00000000000000000000000000000000000A1
:109FC0000000000000000000000000000000000091
:109FD0000000000000000000000000000000000081
:109FE0000000000000000000000000000000000071
:109FF0000000000000000000000000000000000061
:10A000000000000000000000000000000000000050
:10A01000000000494E4600696E66004E414E006EDB
:10A02000616E0030003031323334353637383941E3
:10A0300042434445460030313233343536373839BF
:10A0400061626364656600496E66696E6974790071
:10A050004E614E005245454E54206D616C6C6F63ED
:10A0600020737563636565646564002F6275696C50
:10A07000642F676E752D746F6F6C732D666F722D04
:10A0800073746D33325F31342E332E72656C312E22
:10A0900032303235313032372D303730302F737225
:10A0A000632F6E65776C69622F6E65776C69622FBE
:10A0B0006C6962632F7374646C69622F64746F617E
:10A0C0002E630042616C6C6F63207375636365651A
:10A0D000646564002F6275696C642F676E752D74FA
:10A0E0006F6F6C732D666F722D73746D33325F31C9
:10A0F000342E332E72656C312E323032353130329F
:10A10000372D303730302F7372632F6E65776C695F
:10A11000622F6E65776C69622F6C6962632F73744E
:10A12000646C69622F6D707265632E6300232D303D
:10A130002B2000686C4C006566674546470043006D
:10A14000504F534958002E002C2066756E63746979
:10A150006F6E3A2000617373657274696F6E2022AE
:10A16000257322206661696C65643A2066696C65B6
:10A1700020222573222C206C696E652025642573AE
:10A1800025730A0005000000190000007D00000092
:10A190000080E03779C34143176E05B5B5B89346E3
:10A1A000F5F93FE9034F384D321D30F94877825AAF
:10A1B0003CBF737FDD4F1575000000000000F03FCD
:10A1C0000000000000002440000000000000594092
:10A1D0000000000000408F40000000000088C340E5
:10A1E00000000000006AF8400000000080842E415A
:10A1F00000000000D01263410000000084D79741A6
:10A200000000000065CDCD41000000205FA00242AB
:10A21000000000E876483742000000A2941A6D4220
:10A22000000040E59C30A2420000901EC4BCD64213
:10A2300000003426F56B0C430080E03779C34143BE
:10A2400000A0D8855734764300C84E676DC1AB4334
:10A25000003D9160E458E143408CB5781DAF154452
:10A2600050EFE2D6E41A4B4492D54D06CFF080442D
:10A27000F64AE1C7022DB544B49DD9794378EA4442
:08A28000D05EFF7F0100000029
:04A288003501000894
:04A28C0011010008B4
:10A290000000803F00127A00100000000100000062
:10A2A00000000000030000005C05002020000020EA
:10A2B000000000005C050020C40500202C060020E2
:10A2C000000000000000000000000000000000008E
:10A2D000000000000000000000000000000000007E
:10A2E000000000000000000000000000000000006E
:10A2F000000000000000000000000000430000001B
:10A30000000000000000000000000000000000004D
:10A3100000000000000000000000000043000000FA
:10A32000000000000000000000000000000000002D
:10A3300000000000000000000000000043000000DA
:10A34000000000000000000000000000000000000D
:10A3500000000000000000000000000043000000BA
:10A3600000000000000000000000000000000000ED
:10A37000000000000000000000000000430000009A
:10A3800000000000000000000000000000000000CD
:10A39000000000000000000000000000430000007A
:10A3A00000000000000000000000000000000000AD
:10A3B000000000000000000000000000430000005A
:10A3C000000000000000000000000000000000008D
:10A3D00000000000000000000000000029970008B5
:10A3E000A996000800000000129F000846A100087E
:10A3F00083A1000883A1000883A1000883A10008AD
:10A4000083A1000883A1000883A1000883A100089C
:10A4100083A10008FFFFFFFFFFFFFFFFFFFFFFFF1C
:10A42000FFFF0000010041534349490000000000C4
:10A43000000000000000000000000000000000001C
:10A4400000000000000041534349490000000000A3
:10A4500000000000000000000000000000000000FC
:08A460000000000000000000F4
:0400000508001415C6
:00000001FF
