:020000040800F2
:100000000050002015140008BD3C0008C53C000845
:10001000CD3C0008D53C0008DD3C00080000000095
:10002000000000000000000000000000E53C0008A7
:10003000F13C000800000000FD3C0008093D0008FC
:100040005D1400085D1400085D1400085D140008CC
:100050005D1400085D1400085D1400085D140008BC
:100060005D140008153D0008233D00085D140008DC
:100070005D1400085D1400085D1400085D1400089C
:100080005D1400085D1400085D1400085D1400088C
:100090005D1400085D1400085D140008313D00087F
:1000A0005D1400085D1400085D1400085D1400086C
:1000B0005D1400085D1400085D1400085D1400085C
:1000C0005D1400085D1400085D1400085D1400084C
:1000D0005D140008413D00085D140008553D00080E
:1000E0005D1400085D1400085D14000800000000A5
:1000F0000000000000000000000000000000000000
:0C01000000000000000000005FF808F1A3
:1001100010B5054C237833B9044B13B10448AFF341
:1001200000800123237010BDDC01002000000000CE
:10013000F89E000808B5034B1BB103490348AFF311
:10014000008008BD00000000E0010020F89E0008CB
:10015000034613F8012B002AFBD1181A0138704707
:1001600081F0004102E000BF83F0004330B54FEA68
:1001700041044FEA430594EA050F08BF90EA020FD5
:100180001FBF54EA000C55EA020C7FEA645C7FEA68
:10019000655C00F0E2804FEA5454D4EB5555B8BF8B
:1001A0006D420CDD2C4480EA020281EA030382EAFC
:1001B000000083EA010180EA020281EA0303362D8E
:1001C00088BF30BD11F0004F4FEA01314FF4801C61
:1001D0004CEA113102D0404261EB410113F0004F73
:1001E0004FEA03334CEA133302D0524263EB43032A
:1001F00094EA050F00F0A780A4F10104D5F1200EC8
:100200000DDB02FA0EFC22FA05F2801841F1000122
:1002100003FA0EF2801843FA05F359410EE0A5F1F6
:1002200020050EF1200E012A03FA0EFC28BF4CF027
:10023000020C43FA05F3C01851EBE37101F00045DD
:1002400007D54FF0000EDCF1000C7EEB00006EEBEA
:100250000101B1F5801F1BD3B1F5001F0CD3490874
:100260005FEA30004FEA3C0C04F101044FEA4452CB
:1002700012F5800F80F09A80BCF1004F08BF5FEA52
:10028000500C50F1000041EB045141EA050130BD32
:100290005FEA4C0C404141EB0101013C28BFB1F544
:1002A000801FE9D291F0000F04BF01460020B1FA8F
:1002B00081F308BF2033A3F10B03B3F120020CDA62
:1002C0000C3208DD02F1140CC2F10C0201FA0CF040
:1002D00021FA02F10CE002F11402D8BFC2F1200CA5
:1002E00001FA02F120FA0CFCDCBF41EA0C0190405B
:1002F000E41AA2BF01EB0451294330BD6FEA0404A4
:100300001F3C1CDA0C340EDC04F11404C4F120028E
:1003100020FA04F001FA02F340EA030021FA04F3A0
:1003200045EA030130BDC4F10C04C4F1200220FAF7
:1003300002F001FA04F340EA0300294630BD21FA35
:1003400004F0294630BD94F0000F83F4801306BFFB
:1003500081F480110134013D4EE77FEA645C18BFEF
:100360007FEA655C29D094EA050F08BF90EA020F86
:1003700005D054EA000C04BF1946104630BD91EA7E
:10038000030F1EBF0021002030BD5FEA545C05D181
:100390004000494128BF41F0004130BD14F58004C0
:1003A0003CBF01F5801130BD01F0004545F0FE4134
:1003B00041F470014FF0000030BD7FEA645C1ABF69
:1003C000194610467FEA655C1CBF0B46024650EAA0
:1003D000013406BF52EA033591EA030F41F40021CC
:1003E00030BD00BF90F0000F04BF0021704730B552
:1003F0004FF4806404F132044FF000054FF0000127
:1004000050E700BF90F0000F04BF0021704730B5E7
:100410004FF4806404F1320410F0004548BF4042BC
:100420004FF000013EE700BF42004FEAE2014FEA11
:1004300031014FEA02701FBF12F07F4393F07F4FEC
:1004400081F06051704732F07F4208BF704793F0EF
:100450007F4F04BF41F40021704730B54FF4607402
:1004600001F0004521F000411CE700BF50EA010205
:1004700008BF704730B54FF000050AE050EA0102AE
:1004800008BF704730B511F0004502D5404261EB1E
:1004900041014FF4806404F132045FEA915C3FF45F
:1004A000D8AE4FF003025FEADC0C18BF03325FEAFC
:1004B000DC0C18BF033202EBDC02C2F1200300FAAD
:1004C00003FC20FA02F001FA03FE40EA0E0021FAD2
:1004D00002F11444BDE600BF70B54FF0FF0C4CF4C0
:1004E000E06C1CEA11541DBF1CEA135594EA0C0F72
:1004F00095EA0C0F00F0DEF82C4481EA030621EAAD
:100500004C5123EA4C5350EA013518BF52EA0335E7
:1005100041F4801143F4801338D0A0FB02CE4FF099
:100520000005E1FB02E506F00042E0FB03E54FF0C9
:100530000006E1FB03569CF0000F18BF4EF0010EC1
:10054000A4F1FF04B6F5007F64F5407404D25FEABD
:100550004E0E6D4146EB060642EAC62141EA555170
:100560004FEAC52040EA5E504FEACE2EB4F1FD0CB2
:1005700088BFBCF5E06F1ED8BEF1004F08BF5FEA30
:10058000500E50F1000041EB045170BD06F00046E2
:1005900046EA010140EA020081EA0301B4EB5C048F
:1005A000C2BFD4EB0C0541EA045170BD41F4801187
:1005B0004FF0000E013C00F3AB8014F1360FDEBFAC
:1005C000002001F0004170BDC4F10004203C35DA88
:1005D0000C341BDC04F11404C4F1200500FA05F30B
:1005E00020FA04F001FA05F240EA020001F00042AC
:1005F00021F0004110EBD37021FA04F642EB060122
:100600005EEA430E08BF20EAD37070BDC4F10C044B
:10061000C4F1200500FA04F320FA05F001FA04F20F
:1006200040EA020001F0004110EBD37041F10001FB
:100630005EEA430E08BF20EAD37070BDC4F1200506
:1006400000FA05F24EEA020E20FA04F301FA05F26E
:1006500043EA020321FA04F001F0004121FA04F216
:1006600020EA020000EBD3705EEA430E08BF20EAE6
:10067000D37070BD94F0000F0FD101F00046400020
:1006800041EB010111F4801F08BF013CF7D041EAA2
:10069000060195F0000F18BF704703F000465200A6
:1006A00043EB030313F4801F08BF013DF7D043EA77
:1006B0000603704794EA0C0F0CEA135518BF95EA2D
:1006C0000C0F0CD050EA410618BF52EA4306D1D1B4
:1006D00081EA030101F000414FF0000070BD50EAD3
:1006E000410606BF1046194652EA430619D094EA5D
:1006F0000C0F02D150EA013613D195EA0C0F05D147
:1007000052EA03361CBF104619460AD181EA03019A
:1007100001F0004141F0FE4141F470014FF0000052
:1007200070BD41F0FE4141F4780170BD70B54FF0ED
:10073000FF0C4CF4E06C1CEA11541DBF1CEA13556D
:1007400094EA0C0F95EA0C0F00F0A7F8A4EB05044F
:1007500081EA030E52EA03354FEA013100F0888046
:100760004FEA03334FF0805545EA131343EA12630F
:100770004FEA022245EA111545EA10654FEA0026C4
:100780000EF000419D4208BF964244F1FD0404F57D
:10079000407402D25B084FEA3202B61A65EB0305D9
:1007A0005B084FEA32024FF480104FF4002CB6EB96
:1007B000020E75EB030E22BFB61A754640EA0C0016
:1007C0005B084FEA3202B6EB020E75EB030E22BF56
:1007D000B61A754640EA5C005B084FEA3202B6EB97
:1007E000020E75EB030E22BFB61A754640EA9C0056
:1007F0005B084FEA3202B6EB020E75EB030E22BF26
:10080000B61A754640EADC0055EA060E18D04FEAE3
:10081000051545EA16754FEA06164FEAC30343EA83
:1008200052734FEAC2025FEA1C1CC0D111F4801F50
:100830000BD141EA00014FF000004FF0004CB6E749
:1008400011F4801F04BF01430020B4F1FD0C88BFE8
:10085000BCF5E06F3FF6AFAEB5EB030C04BFB6EBF3
:10086000020C5FEA500C50F1000041EB045170BDE6
:100870000EF0004E4EEA113114EB5C04C2BFD4EB13
:100880000C0541EA045170BD41F480114FF0000E97
:10089000013C90E645EA060E8DE60CEA135594EA13
:1008A0000C0F08BF95EA0C0F3FF43BAF94EA0C0F16
:1008B0000AD150EA01347FF434AF95EA0C0F7FF48B
:1008C00025AF104619462CE795EA0C0F06D152EADF
:1008D00003353FF4FDAE1046194622E750EA4106C3
:1008E00018BF52EA43067FF4C5AE50EA41047FF4D4
:1008F0000DAF52EA43057FF4EBAE12E74FF0FF3C39
:1009000006E000BF4FF0010C02E000BF4FF0010C09
:100910004DF804CD4FEA410C7FEA6C5C4FEA430C82
:1009200018BF7FEA6C5C1BD001B050EA410C0CBFD1
:1009300052EA430C91EA030F02BF90EA020F002033
:10094000704710F1000F91EA030F58BF994208BF9A
:1009500090422CBFD8176FEAE37040F00100704757
:100960004FEA410C7FEA6C5C02D150EA013C07D1AE
:100970004FEA430C7FEA6C5CD6D152EA033CD3D0F9
:100980005DF8040B704700BF8446104662468C46F3
:100990001946634600E000BF01B5FFF7B7FF002826
:1009A00048BF10F1000F01BD4DF808EDFFF7F4FF4F
:1009B0000CBF012000205DF808FB00BF4DF808EDDA
:1009C000FFF7EAFF34BF012000205DF808FB00BFFD
:1009D0004DF808EDFFF7E0FF94BF012000205DF81F
:1009E00008FB00BF4DF808EDFFF7CEFF94BF0120D4
:1009F00000205DF808FB00BF4DF808EDFFF7C4FFCD
:100A000034BF012000205DF808FB00BF4FEA410C15
:100A10007FEA6C5C02D150EA013C0AD14FEA430CF8
:100A20007FEA6C5C02D152EA033C02D14FF0000035
:100A300070474FF0010070474FEA410212F5001273
:100A400015D211D56FF47873B3EB625212D94FEA15
:100A5000C12343F0004343EA505311F0004F23FAFF
:100A600002F018BF404270474FF00000704750EA54
:100A7000013005D111F0004008BF6FF00040704711
:100A80004FF00000704700BF80F0004002E000BF60
:100A900081F0004142001FBF5FEA410392EA030F69
:100AA0007FEA226C7FEA236C6AD04FEA1262D2EBB3
:100AB0001363C1BFD218414048404140B8BF5B42B8
:100AC000192B88BF704710F0004F40F4000020F051
:100AD0007F4018BF404211F0004F41F4000121F067
:100AE0007F4118BF494292EA030F3FD0A2F10102B1
:100AF00041FA03FC10EB0C00C3F1200301FA03F1EF
:100B000000F0004302D5494260EB4000B0F5000F11
:100B100013D3B0F1807F06D340084FEA310102F1D0
:100B20000102FE2A51D2B1F1004F40EBC25008BF82
:100B300020F0010040EA03007047490040EB00004C
:100B4000013A28BFB0F5000FEDD2B0FA80FCACF14D
:100B5000080CB2EB0C0200FA0CF0AABF00EBC2507A
:100B600052421843BCBFD0401843704792F0000F68
:100B700081F4000106BF80F400000132013BB5E7BB
:100B80004FEA41037FEA226C18BF7FEA236C21D031
:100B900092EA030F04D092F0000F08BF0846704796
:100BA00090EA010F1CBF0020704712F07F4F04D164
:100BB000400028BF40F00040704712F100723CBF77
:100BC00000F50000704700F0004343F0FE4040F4A1
:100BD000000070477FEA226216BF08467FEA23635F
:100BE0000146420206BF5FEA412390EA010F40F44A
:100BF000800070474FF0000304E000BF10F0004396
:100C000048BF40425FEA000C08BF704743F096437C
:100C100001464FF000001CE050EA010208BF704797
:100C20004FF000030AE000BF50EA010208BF70471E
:100C300011F0004302D5404261EB41015FEA010C33
:100C400002BF84460146002043F0B64308BFA3F12B
:100C50008053A3F50003BCFA8CF2083AA3EBC2530D
:100C600010DB01FA02FC634400FA02FCC2F120022C
:100C7000BCF1004F20FA02F243EB020008BF20F063
:100C80000100704702F1200201FA02FCC2F12002C9
:100C900050EA4C0021FA02F243EB020008BF20EABE
:100CA000DC7070474FF0FF0C1CEAD0521EBF1CEAEC
:100CB000D15392EA0C0F93EA0C0F6FD01A4480EADA
:100CC000010C400218BF5FEA41211ED04FF00063C3
:100CD00043EA501043EA5111A0FB01310CF00040EF
:100CE000B1F5000F3EBF490041EAD3715B0040EA15
:100CF000010062F17F02FD2A1DD8B3F1004F40EBE5
:100D0000C25008BF20F00100704790F0000F0CF0B7
:100D1000004C08BF49024CEA502040EA51207F3A7B
:100D2000C2BFD2F1FF0340EAC250704740F4000056
:100D30004FF00003013A5DDC12F1190FDCBF00F047
:100D400000407047C2F10002410021FA02F1C2F1F5
:100D5000200200FA02FC5FEA310040F1000053EA91
:100D60004C0308BF20EADC70704792F0000F00F0DF
:100D7000004C02BF400010F4000F013AF9D040EAE5
:100D80000C0093F0000F01F0004C02BF490011F479
:100D9000000F013BF9D041EA0C018FE70CEAD15377
:100DA00092EA0C0F18BF93EA0C0F0AD030F0004CF7
:100DB00018BF31F0004CD8D180EA010000F00040AB
:100DC000704790F0000F17BF90F0004F084691F069
:100DD000000F91F0004F14D092EA0C0F01D14202A3
:100DE0000FD193EA0C0F03D14B0218BF084608D16C
:100DF00080EA010000F0004040F0FE4040F40000B6
:100E0000704740F0FE4040F4400070474FF0FF0C48
:100E10001CEAD0521EBF1CEAD15392EA0C0F93EA8F
:100E20000C0F69D0A2EB030280EA010C49024FEAE1
:100E3000402037D04FF0805343EA111143EA10139A
:100E40000CF000408B4238BF5B0042F17D024FF452
:100E5000000C8B4224BF5B1A40EA0C00B3EB510F2D
:100E600024BFA3EB510340EA5C00B3EB910F24BF16
:100E7000A3EB910340EA9C00B3EBD10F24BFA3EB9B
:100E8000D10340EADC001B0118BF5FEA1C1CE0D163
:100E9000FD2A3FF650AF8B4240EBC25008BF20F016
:100EA000010070470CF0004C4CEA50207F32C2BF6A
:100EB000D2F1FF0340EAC250704740F400004FF007
:100EC0000003013A37E792F0000F00F0004C02BF38
:100ED000400010F4000F013AF9D040EA0C0093F002
:100EE000000F01F0004C02BF490011F4000F013B5C
:100EF000F9D041EA0C0195E70CEAD15392EA0C0FC4
:100F000008D142027FF47DAF93EA0C0F7FF470AFFB
:100F1000084676E793EA0C0F04D14B023FF44CAF3E
:100F200008466EE730F0004C18BF31F0004CCAD1D3
:100F300030F000427FF45CAF31F000437FF43CAF0F
:100F40005FE700BF4FF0FF3C06E000BF4FF0010C31
:100F500002E000BF4FF0010C4DF804CD4FEA400213
:100F60004FEA41037FEA226C18BF7FEA236C11D05D
:100F700001B052EA530C18BF90EA010F58BFB2EB10
:100F8000030088BFC81738BF6FEAE17018BF40F090
:100F9000010070477FEA226C02D15FEA402C05D144
:100FA0007FEA236CE4D15FEA412CE1D05DF8040BC9
:100FB000704700BF844608466146FFE70FB5FFF75C
:100FC000C9FF002848BF10F1000F0FBD4DF808ED14
:100FD000FFF7F4FF0CBF012000205DF808FB00BF05
:100FE0004DF808EDFFF7EAFF34BF012000205DF85F
:100FF00008FB00BF4DF808EDFFF7E0FF94BF0120AC
:1010000000205DF808FB00BF4DF808EDFFF7D2FFA8
:1010100094BF012000205DF808FB00BF4DF808EDEB
:10102000FFF7C8FF34BF012000205DF808FB00BFB8
:101030004FEA4002B2F1FE4F0FD34FF09E03B3EBE5
:1010400012620DD94FEA002343F0004310F0004F25
:1010500023FA02F018BF404270474FF0000070477B
:1010600012F1610F01D1420205D110F0004008BF1A
:101070006FF0004070474FF0000070477BB972B9C5
:101080000029BEBF00204FF0004106E008BF002845
:101090001CBF6FF000414FF0FF3000F0B9B9ADF167
:1010A000080C6DE904CE002909DB002B1ADB00F0E7
:1010B00035F8DDF804E0DDE9022304B07047404272
:1010C00061EB4101002B1BDB00F028F8DDF804E0A8
:1010D000DDE9022304B0404261EB4101524263EB7F
:1010E00043037047524263EB430300F017F8DDF807
:1010F00004E0DDE9022304B0404261EB41017047A6
:10110000524263EB430300F009F8DDF804E0DDE947
:10111000022304B0524263EB430370472DE9F047CA
:10112000089D0F4604468E46002B48D18A4216463B
:1011300061D9B2FA82F24AB1C2F1200301FA02FE89
:1011400020FA03F3964043EA0E0E94404FEA164C01
:10115000BEFBFCF1B7B20CFB11EE01FB07F0230C58
:1011600043EA0E43984209D9F31801F1FF3E80F09B
:10117000ED80984240F2EA80023933441B1AB3FBF7
:10118000FCF00CFB103300FB07F7A4B244EA034465
:10119000A74209D9341900F1FF3380F0D980A74262
:1011A00040F2D6803444023840EA01400021E41B7A
:1011B0001DB10023D440C5E90043BDE8F0878B4250
:1011C00006D90DB1C5E9000100210846BDE8F08748
:1011D000B3FA83F1002947D1BB4202D3824200F225
:1011E0000481841A67EB030201209646002DE4D0A7
:1011F000C5E9004EE1E7002A00F09080B2FA82F2E1
:10120000002A40F0A780881B0121370C1FFA86FEB8
:10121000B0FBF7FC07FB1C00230C43EA00430EFB6A
:101220000CF0984207D9F3180CF1FF3802D298421B
:1012300000F2E080C4461B1AB3FBF7F007FB103343
:101240000EFB00FEA4B244EA0344A64507D93419B4
:1012500000F1FF3302D2A64500F2C9801846A4EB84
:101260000E0440EA0C40A3E7C1F120068B4022FAAD
:1012700006FC4CEA030C27FA06FA4FEA1C49BAFBB3
:10128000F9F88F4020FA06F309FB18AA1FFA8CFE22
:101290003B4300FA01F708FB0EF01C0C44EA0A4439
:1012A000A04202FA01F20BD91CEB040408F1FF3A48
:1012B00080F09980A04240F29680A8F10208644430
:1012C000241A98B2B4FBF9F309FB134403FB0EFE96
:1012D00040EA0444A64508D91CEB040403F1FF309E
:1012E0007FD2A6457DD9023B644443EA0840A4EB83
:1012F0000E04A0FB028E74454346F14661D35ED0D6
:1013000055B1FA1A64EB090404FA06F622FA01F35D
:101310001E43CC40C5E9006400214EE743084FEA74
:10132000510C43EAC1710A0C42EA0C428BB2C40769
:10133000B2FBF6F143EA0243BCFBF6FCB64630468C
:1013400037461F22181A41EA0C4161E7714615E73A
:10135000184629E7C2F1200321FA03F0964024FA47
:1013600003F397403B43370CB0FBF7F807FB18003B
:101370001FFA86FE190C41EA004108FB0EF0884274
:1013800004FA02F43AD9711808F1FF3C01D28842FC
:101390001ED8091AB1FBF7F808FB0EF007FB18116D
:1013A0009BB243EA014383422FD2F31808F1FF3185
:1013B000C8D28342C6D2A8F102013344C2E74745EE
:1013C0009ED2B8EB02036EEB0C0E0138F14697E7A4
:1013D000301A0144A8F1020CB1FBF7F808FB0EF03B
:1013E000DCE7034681E7D0466AE70846FEE6344478
:1013F000023834E7ACF1020C33441CE7091AC44646
:10140000B1FBF7F808FB0EF0C8E741469AE700BFCA
:10141000704700BF02F06AFD0B480C490C4A0023DC
:1014200002E0D458C4500433C4188C42F9D3094A9A
:10143000094C002301E013600432A242FBD306F002
:10144000CBFC00F0D7FA704700000020DC01002040
:10145000B8A40008DC0100200C070020FEE7000013
:1014600080B588B000AF07F1100300221A605A60FF
:101470009A60DA60504B9B694F4A43F010039361C6
:101480004D4B9B6903F01003FB60FB684A4B9B6963
:10149000494A43F020039361474B9B6903F02003C3
:1014A000BB60BB68444B9B69434A43F004039361B0
:1014B000414B9B6903F004037B607B683E4B9B6957
:1014C0003D4A43F0080393613B4B9B6903F00803DB
:1014D0003B603B6800224FF40051384803F0E9FBC1
:1014E00000226021364803F0E4FB002243F202218F
:1014F000344803F0DEFB4FF400533B6101237B6172
:101500000023BB610223FB6107F1100319462B483E
:1015100003F034FA60233B6101237B610023BB614C
:101520000223FB6107F110031946254803F026FA50
:1015300043F202233B6101237B610023BB61022351
:10154000FB6107F1100319461E4803F017FA382310
:101550003B611D4B7B610123BB6107F11003194601
:10156000184803F00BFA4FF480733B6100237B6152
:101570000023BB6107F110031946124803F0FEF97E
:1015800000220021092003F010F9092003F029F9B5
:10159000002200210A2003F008F90A2003F021F9B3
:1015A00000220021172003F000F9172003F019F999
:1015B00000BF2037BD4680BD001002400010014032
:1015C00000080140000C01400000211080B483B0ED
:1015D00000AF0346FB80084B1B6800225A6200BF25
:1015E000054B1B685A6AFB889A42F9D300BF00BFBB
:1015F0000C37BD4680BC7047E404002080B500AFC6
:101600000E4804F053F801224FF400710C4803F027
:1016100050FB0A2002F0CEFF00224FF40071084870
:1016200003F047FB0A2002F0C5FF064B00221A60B8
:10163000054B4FF07E521A6000BF80BDE4040020CD
:10164000000C0140F80100200000002080B584B0AB
:1016500000AF0023FB6002F0A3FF786008E002F017
:101660009FFF02467B68D31AC82B01D900234BE0A9
:101670004FF48071264803F005FB0346012BEED0A2
:101680000023FB7225E001224FF40071204803F093
:1016900010FB0120FFF79AFFFB685B00FB60002254
:1016A0004FF400711A4803F004FB0120FFF78EFF8E
:1016B0004FF48071164803F0E5FA0346012B02D17E
:1016C000FB680133FB6097F90B30DBB20133DBB20F
:1016D000FB7297F90B30172BD5DDFB6883F4000301
:1016E000FB6001224FF40071094803F0E2FA012087
:1016F000FFF76CFF00224FF40071054803F0D9FAA0
:101700000120FFF763FFFB6818461037BD4680BD18
:10171000000C01402DE9B04F86B000AF0346FB80BE
:101720004FF000024FF00003C7E904230023FB81C0
:10173000FB88002B01D1002330E00023BB8117E0A0
:10174000FFF784FFB860BB68002B0ED0BB68DA17C8
:101750001C461546D7E9042312EB040843EB0509A0
:10176000C7E90489FB890133FB81BB890133BB8154
:10177000BA89FB889A42E3D3FB89002B01D100236D
:101780000CE0FB8900229A46934652465B46D7E915
:101790000401FFF773FC02460B4613461846183740
:1017A000BD46BDE8B08F000080B584B000AF0346F1
:1017B000FB80FB881846FFF7ADFFF860FB68002B45
:1017C00001D1032303E0044AFB6813600023184699
:1017D0001037BD4680BD00BFF801002080B584B041
:1017E00000AF78600B467B804FF000017868FFF710
:1017F00001FC0346002B01D0012320E07B88184622
:10180000FFF788FFF860FB68002B01D1032316E087
:101810000D4B1B68FA68D31ABB60BB68002B01D163
:1018200001230CE0B868FFF7E9F903461946786828
:10183000FFF7ECFA03461A46044B1A6000231846D9
:101840001037BD4680BD00BFF80100200000002019
:1018500080B584B000AF78600023FB607B68002B0C
:1018600001D101234CE04FF48071274803F00AFABC
:101870000346012B01D1022342E00023FB7222E048
:1018800001224FF40071204803F013FA0120FFF702
:101890009DFEFB685B00FB604FF480711A4803F00B
:1018A000F1F90346012B02D1FB680133FB600022F2
:1018B0004FF40071144803F0FCF90120FFF786FE95
:1018C000FB7A0133FB72FB7A172BD9D901224FF433
:1018D00000710D4803F0EDF90120FFF777FE0022BB
:1018E0004FF40071084803F0E4F90120FFF76EFEA1
:1018F000FB6883F40003FB60FA687B681A600023CE
:1019000018461037BD4680BD000C014080B586B03A
:1019100000AF78607B68002B01D1012344E007F120
:101920000C031846FFF794FF0346FB75FB7D022B63
:101930001BD11F4B1B78002B07D11D4B01221A70A6
:1019400002F02EFE03461B4A136002F029FE0246F7
:10195000184B1B68D31AB3F5FA7F04D3144B00223B
:101960001A70032320E002231EE0114B00221A709C
:10197000FB7D002B01D0FB7D16E0FA680E4B1B6847
:10198000D31A3B613869FFF739F902460B4B1B68E4
:1019900019461046FFF786F903461846FFF748FB3D
:1019A00002467B681A60002318461837BD4680BD82
:1019B000FC01002000020020F801002000000020AF
:1019C00080B500AF094B0A4A1A60084B06225A60DC
:1019D000064B40F6FF729A60044803F0B3F90346E1
:1019E000002B01D001F040FF00BF80BD04020020A9
:1019F0000030004080B582B000AF02F079FD00F009
:101A000011F9FFF72DFD02F077FA02F015FB02F055
:101A10009FFB02F081FCFFF7D3FF02F0A7FC00F070
:101A200049F901227449754804F0ACFD74497548C0
:101A300006F014F97348FEF78BFB03469AB24FF099
:101A4000FF3370496D4804F012FD012302226E49F4
:101A50006E4801F05FFF0346002B01D001F004FF48
:101A6000002220216A4803F024F90122402168481D
:101A700003F01FF9674B00221A70FFF7BFFD002229
:101A80004FF48051604803F014F900224FF40051E4
:101A90005D4803F00EF9002001F0E6FA0023FB7127
:101AA0008FE0FA795C4913461B019B1A9B000B449B
:101AB00030331868FA79584913461B019B1A9B006A
:101AC0000B4434331B68194603F092FEFA795249ED
:101AD00013461B019B1A9B000B4434331B68002BDD
:101AE00015D1FA794C4913461B019B1A9B000B44F4
:101AF00038331888FA79484913461B019B1A9B0012
:101B00000B4430331B681B6802465A6356E0FA796F
:101B1000414913461B019B1A9B000B4434331B683D
:101B2000042B15D1FA793C4913461B019B1A9B00E3
:101B30000B4438331888FA79374913461B019B1A2E
:101B40009B000B4430331B681A680346936335E0EF
:101B5000FA79314913461B019B1A9B000B4434331D
:101B60001B68082B15D1FA792B4913461B019B1AC8
:101B70009B000B4438331888FA79274913461B0118
:101B80009B1A9B000B4430331B681A680346D363CF
:101B900014E0FA79204913461B019B1A9B000B4461
:101BA00038331888FA791C4913461B019B1A9B008D
:101BB0000B4430331B681A6803461364FB79013306
:101BC000FB71FB79022B7FF66CAF00F025FC134B09
:101BD0001B78DBB2012B04D1104B00221A7001F0EC
:101BE0000FF800F077F90E4803F0F0F80346002BE9
:101BF000EBD001F039FEE8E7110200202C050020AF
:101C0000109F000898020020000C0140740500207D
:101C100000080140100200206C0300201302002085
:101C20000402002080B590B000AF07F1180328220D
:101C30000021184606F078F83B1D00221A605A6011
:101C40009A60DA601A610923BB614FF48033FB614B
:101C500000233B620123BB6201233B6302237B63BE
:101C60004FF48033BB634FF4E013FB6307F11803B9
:101C7000184603F0BBF80346002B01D001F0F4FD39
:101C80000F237B600223BB600023FB604FF4806363
:101C90003B6100237B613B1D0221184603F028FBBA
:101CA0000346002B01D001F0DFFD00BF4037BD46E9
:101CB00080BD000080B582B000AF804B01221A7059
:101CC0007E4B4CF250325A607C4B7D4A1A617B4B02
:101CD00008229A82794B7B4A1A63784B00225A6316
:101CE000764B40F2DC521A87744B4FF448725A8795
:101CF000724B022283F83C20704B734A1A646F4B7C
:101D00006F4ADA646D4B1022A3F850206B4B6D4A7A
:101D1000DA666A4B04221A67684B40F2DC52A3F879
:101D20007420664B4FF44872A3F87620634B03226D
:101D300083F87820614B654ADA67604B604AC3F8E4
:101D400088205E4B2022A3F88C205C4B5D4AC3F8B0
:101D5000A8205A4B0822C3F8AC20584B40F2DC5262
:101D6000A3F8B020554B4FF44872A3F8B2200023DB
:101D7000FB7182E0FA79514913461B019B1A9B00C3
:101D80000B4404331968FA794C4813461B019B1A1B
:101D90009B00034404331B684D4A82FB0302D210AC
:101DA000DB179B1AFA791944444813461B019B1A06
:101DB0009B00034408331960FA79404913461B011C
:101DC0009B1A9B000B4404331968FA793B4813466D
:101DD0001B019B1A9B00034404331B683C4A82FB93
:101DE0000302D210DB17D31AFA7919443348134689
:101DF0001B019B1A9B0003440C331960FA792F498D
:101E000013461B019B1A9B000B442A3300221A70B5
:101E1000FA792A4913461B019B1A9B000B442B336A
:101E200000221A70FA79254913461B019B1A9B0060
:101E30000B442C3300221A70FA79204913461B01F7
:101E40009B1A9B000B44163300221A70FA791B4927
:101E500013461B019B1A9B000B44183300221A6087
:101E6000FA79164913461B019B1A9B000B441C333D
:101E700000221A60FB790133FB71FB79022B7FF69C
:101E800079AF02F08DFB38600023BB710EE0BA79A8
:101E90003B68A3F10A01094813461B019B1A9B00EA
:101EA00003441C331960BB790133BB71BB79022B2E
:101EB000EDD900BF00BF0837BD4680BD6C030020D0
:101EC000000C01409C040020A0860100F0490200A3
:101ED0006766666680B582B000AFAB4B1B78DBB23D
:101EE000032B00F2FC8101A252F823F00B2300081F
:101EF0000B230008FD1E00080B2300080023FB71C4
:101F000028E0FA7913461B019B1A9B009F4A134451
:101F10003B603B689B7DDBB2002B18D002F040FB9E
:101F200002463B689B699A4211D03B6800229A7531
:101F30003B681A693B689B8A1946104602F0A2FE6C
:101F40000346002B03D1FB79184601F0C9FAFB794F
:101F50000133FB71FB79022BD3D98D4B1B78DBB29C
:101F6000062B00F2AC8101A252F823F0891F000871
:101F700011200008CB22000813210008D1210008FD
:101F8000D1210008CB2200088248FFF7BFFC03469E
:101F90003B713B79032B02D03B79012B15D101F02A
:101FA00087F8794B03221A707B4A80217B4805F021
:101FB0001FFE7A48FEF7CCF803469AB24FF0FF3383
:101FC0007649774804F053FA88E13B79022B00F018
:101FD0007E81704B1B6847F22F52934240F3798108
:101FE000704B00221A70704BFA221A806F4B0A2233
:101FF0001A806F4B0A221A6002F0D2FA03466D4A29
:1020000013606D4B06221A70614B05221A7060E155
:10201000604801F01DF90346032B76D0032B5EDCEC
:10202000012B02D0022B72D059E05A4B1B68184684
:1020300001F012FA03467B717B79002B1DD07B796E
:1020400019465E4801F0B2F90346002B15D101F0A4
:102050002FF84D4B03221A70594A80214F4805F042
:10206000C7FD4E48FEF774F803469AB24FF0FF33AF
:102070004A494B4804F0FBF94AE0464B1B68514A79
:102080008021464805F0B4FD4448FEF761F8034658
:102090009AB24FF0FF334149414804F0E8F93D4B13
:1020A0001B68184601F0E0FA3F4B4FF416721A8095
:1020B0003E4B0A221A803E4B0A221A6002F070FA46
:1020C00003463C4A13603C4B03221A70304B0422F7
:1020D0001A7002F065FA03463B4A136018E000F0FC
:1020E000E7FF294B03221A70384A80212B4805F05C
:1020F0007FFD2A48FEF72CF803469AB24FF0FF33D3
:102100002649274804F0B3F902E000BFE6E000BF2B
:10211000E4E002F045FA02462B4B1B68D31AB3F5F4
:102120007A7FC0F0D8801B48FFF7F0FB0346BB71F5
:10213000BB79032B02D0BB79012B15D100F0B8FF7E
:10214000114B03221A70144A8021144805F050FDE7
:102150001248FDF7FDFF03469AB24FF0FF330F49D7
:102160000F4804F084F9B6E0BB79002B40F0B3804F
:10217000084B1B6844F61F62934200F3AC80044B8B
:1021800000221A70A7E000BF100200206C0300209C
:102190000400002018030020209F0008980200205F
:1021A0002C0500205C0300202403002026030020CF
:1021B000280300202C030020300300208C03002083
:1021C000309F0008449F000820030020509F000813
:1021D00002F0E6F902464F4B1B68D21A4E4B1B68C1
:1021E0009A427AD34D4B1A884D4B1B889A4219D28A
:1021F0004B4B1B881A46494B1B88D31A494A1288F5
:10220000934205DC464B1B88184600F02DFF28E062
:10221000424B1A88434B1B8813449BB2184600F06C
:1022200023FF1EE03D4B1A883D4B1B889A4218D96C
:102230003A4B1B881A463A4B1B88D31A394A1288E4
:10224000934205DC364B1B88184600F00DFF08E072
:10225000324B1A88334B1B88D31A9BB2184600F0B6
:1022600003FF02F09DF903462A4A13602B4B1A889C
:102270002B4B1B889A4230D1294B1B88FA2B12D149
:10228000002000F0F1FE284A8021284805F0B0FC2B
:102290002648FDF75DFF03469AB24FF0FF3323490E
:1022A000234804F0E4F8234B1A78234B1A70224B8E
:1022B0001B78DBB2062B10D100F044F80DE000F0E3
:1022C000F7FE1E4B03221A7008E000BF1EE000BF9D
:1022D0001CE000BF1AE000BF18E000BF16E000F0ED
:1022E000E7FE164B03221A70154A80210F4805F0AD
:1022F0007FFC0E48FDF72CFF03469AB24FF0FF33E8
:102300000A490B4804F0B3F800E000BF00BF0837EB
:10231000BD4680BD2C030020280300201E030020A2
:1023200024030020260300205C9F00089802002060
:102330002C050020300300200400002010020020A3
:10234000509F000880B400AF094B1B8801339AB23C
:10235000074B1A80064B1B88002B02D1044B01222D
:102360001A80044B01221A7000BFBD4680BC704722
:10237000220400202004002090B583B000AF044662
:10238000084611461A462346FB710346BB710B46AD
:102390007B7113463B71052002F00CF93B797A7989
:1023A000B979F87901F002FB034618460C37BD46AF
:1023B00090BD000090B583B000AF044608461146BA
:1023C0001A462346FB710346BB710B467B711346CD
:1023D0003B713B797A79B979F879FFF7CDFF0346FC
:1023E000002B0ED009490A4805F038FC0848FDF7D3
:1023F000AFFE03469AB24FF0FF330549054804F09B
:1024000036F800BF0C37BD4690BD00BF689F00087E
:10241000980200202C05002080B582B000AFB54B9B
:102420001B78DBB2002B00F08083B34B1B78FB7171
:10243000B24B1B78BB71B24B1B787B71B14B1B78D5
:102440003B71AC4B00221A70FB79002B40F06F837C
:102450007B791BB21B021AB23B791BB213431BB22E
:102460007B80BB79752B00F01D83752B00F35683A1
:10247000272B57DC002B40F35183013B262B00F226
:102480004D8301A252F823F02D2500081D2B0008D2
:102490001D2B00081D2B00081D2B00081D2B0008FC
:1024A0001D2B00081D2B00081D2B00081D2B0008EC
:1024B0001D2B00081D2B00081D2B00081D2B0008DC
:1024C0001D2B00081D2B00081D2B00081D2B0008CC
:1024D0001D2B00081D2B00081D2B00081D2B0008BC
:1024E0001D2B00081D2B00081D2B00081D2B0008AC
:1024F0001D2B00081D2B00081D2B00081D2B00089C
:102500001D2B00086125000867260008B326000877
:10251000C7270008CB28000891290008BF2A000817
:102520009D250008712B00F0B082F7E23B797A79A3
:10253000F8798121FFF720FF0346002B00F0F98294
:102540007149724805F08AFB7048FDF701FE0346A9
:102550009AB24FF0FF336D496D4803F088FFE8E20F
:102560006C4B1B78DAB26C4B1B78DBB2F8798021AC
:10257000FFF702FF0346002B00F0DD826749634846
:1025800005F06CFB6148FDF7E3FD03469AB24FF09E
:10259000FF335E495E4803F06AFFCCE2604B1B7874
:1025A000002B20D05F4B1B881B0A9BB2DAB25D4B1D
:1025B0001B88DBB2F8797021FFF7DEFE0346002BA3
:1025C00000F0BB82584A8021504805F011FB4F486B
:1025D000FDF7BEFD03469AB24FF0FF334B494C481E
:1025E00003F045FFA9E2514B1B78002B20D0504B44
:1025F0001B881B0A9BB2DAB24D4B1B88DBB2F87901
:102600007421FFF7B9FE0346002B00F09682494A79
:1026100080213E4805F0ECFA3C48FDF799FD034661
:102620009AB24FF0FF333949394803F020FF84E272
:10263000F879002300227621FFF79EFE0346002B47
:1026400000F07B823C4A8021304805F0D1FA2F48C7
:10265000FDF77EFD03469AB24FF0FF332B492C481D
:1026600003F005FF69E27B79002B02D13B79012B56
:1026700006D0BA79F8790123A121FFF79BFE63E226
:10268000244B1B78DBB2002B06D0BA79F8790823EB
:10269000A121FFF78FFE57E21E4B01221A70274B34
:1026A00000221A70BA79F8790023A021FFF782FE80
:1026B0004AE201222021224802F0FBFA00224021B6
:1026C0001F4802F0F6FA7B79002B02D13B79012BEF
:1026D00038D0BA79F8790123A121FFF76BFE0022E7
:1026E0002021174802F0E5FA01224021144802F0A7
:1026F000E0FA29E247040020490400204A040020AF
:102700004B0400204C040020909F000898020020F9
:102710002C0500201002002004000020B49F0008B7
:102720002004002022040020DC9F00082404002054
:102730002604002008A0000834A000081C03002084
:1027400000080140A64B1B78DBB2012B10D0BA79F0
:10275000F8790823A121FFF72DFE00222021A148AE
:1027600002F0A7FA012240219E4802F0A2FAEBE112
:102770003220FFF719F80346002B13D09A4B0022A2
:102780001A70BA79F8790923A121FFF713FE002204
:102790002021944802F08DFA01224021914802F054
:1027A00088FAD1E1BA79F8790023A021FFF702FE77
:1027B000002220218B4802F07CFA00224021894827
:1027C00002F077FAC0E101222021864802F071FA76
:1027D00000224021834802F06CFA814B1B78DBB267
:1027E000012B10D0BA79F8790823A121FFF7E2FD77
:1027F000002220217B4802F05CFA01224021794826
:1028000002F057FAA0E1794B1B68002B10D1BA797E
:10281000F8790A23A121FFF7CDFD0022202171487C
:1028200002F047FA012240216E4802F042FA8BE1A1
:102830007B88002B10D1BA79F8790223A121FFF708
:10284000B9FD00222021674802F033FA012240211D
:10285000644802F02EFA77E17B881846FEF7CAF941
:10286000034663491846FEF71DFA0346322118460F
:10287000FEF7B4FF0346002B13D05B4B00221A7007
:10288000BA79F8790923A121FFF794FD00222021CC
:10289000544802F00EFA01224021524802F009FA8F
:1028A00052E1514B01221A70BA79F8790023A02124
:1028B000FFF780FD002220214A4802F0FAF90022A9
:1028C0004021484802F0F5F93EE17B79002B02D126
:1028D0003B79012B06D9BA79F8790123A121FFF7B9
:1028E00069FD54E03B79002B0BD100F0E1FB3C4B40
:1028F00000221A70BA79F8790023A021FFF75AFD57
:1029000022E1394B1B78002B06D1BA79F8790B23D9
:10291000A121FFF74FFD17E1314B1B78DBB2012BF3
:102920000BD02F4B1B78DBB2002B06D0BA79F8798D
:102930000823A121FFF73EFD29E00122202129489B
:1029400002F0B7F900224021264802F0B2F9002037
:1029500000F08AFB0021274802F04AFF01224FF4D1
:102960008051254802F0A5F900224FF40051224879
:1029700002F09FF91A4B02221A70204B02221A70A1
:10298000BA79F8790023A021FFF714FDDCE0DBE041
:102990007B79002B02D13B79012B06D9BA79F879E2
:1029A0000123A121FFF706FDC9E00D4B1B78DBB227
:1029B000022B06D0BA79F8790823A121FFF7FAFC97
:1029C000BDE03B79012B37D10C4B1B78DBB2022BDE
:1029D00016D0BA79F8790323A121FFF7EBFCAEE01A
:1029E00010020020000801401C030020F801002014
:1029F00000007A4454040020000C01400400002030
:102A0000534B4FF416721A80524B0A221A80524BC3
:102A10000A221A6001F0C4FD0346504A1360504B6D
:102A200000221A704F4B04221A70BA79F8790023E9
:102A3000A021FFF7BFFC82E03B79002B7FD14A4BFE
:102A40001B88FA2B06D8474B02221A70002000F090
:102A50000BFB13E03E4BFA221A803E4B0A221A80EF
:102A60003D4B0A221A6001F09BFD03463B4A13606E
:102A70003B4B02221A703B4B05221A70BA79F87947
:102A80000023A021FFF796FC59E0384B1B78002B60
:102A900057D0374B1B887A889A4252D1334B002249
:102AA0001A704EE0334B1B78002B4CD0324B1B88F6
:102AB0007A889A4247D12F4B00221A7043E07B79E3
:102AC000002B02D13B79012B06D0BA79F87901238A
:102AD000A121FFF76FFC20E0284B1B78DBB2022B13
:102AE00004D1204B1B78DBB2062B06D0BA79F879DB
:102AF0000823A121FFF75EFC0FE01C4B00221A7097
:102B00001F4B00221A70174B01221A70BA79F879FC
:102B10000023A021FFF74EFC16E015E0BA79F87902
:102B20000723A121FFF746FC0EE000BF0CE000BF29
:102B30000AE000BF08E000BF06E000BF04E000BFFD
:102B400002E000BF00E000BF0837BD4680BD00BF07
:102B50002403002026030020280300202C0300204B
:102B600030030020040000201E0300202004002069
:102B7000220400202404002026040020100200204B
:102B80005C03002090B587B004AF154B1B78DBB217
:102B90001C46144B1B78DBB21846134B1B68134AB8
:102BA0001268134909680391029201930090234629
:102BB000104A8021104805F01BF878607B68002BD4
:102BC0000ADD7B687F2B07DC7B689AB24FF0FF330E
:102BD00009490A4803F04BFC00BF0C37BD4690BDC5
:102BE0001002002004000020600300206403002085
:102BF0001803002060A00008980200202C05002087
:102C000080B584B002AFBC4B1B78413B132B00F264
:102C1000038201A252F823F0692C0008492F000812
:102C2000192D0008E32F000819300008EB2D0008CB
:102C30001930000819300008193000081930000850
:102C40001930000819300008193000081930000840
:102C50001930000819300008133000081930000836
:102C600019300008532D0008A34B5B78312B38D165
:102C7000A24B1B78012B40F0D18101222021A048DA
:102C800002F017F8002240219D4802F012F89D4BF7
:102C900002221A70002000F0E7F900219A4802F0A1
:102CA000A7FD01224FF48051984802F002F800225B
:102CB0004FF40051954801F0FCFF954B02221A7029
:102CC000944A8021944804F093FF9348FDF740FA1A
:102CD00003469AB24FF0FF338F49904803F0C7FB89
:102CE0009CE1854B5B78302B40F0988100F0E0F957
:102CF000844B00221A708A4A8021874804F078FFAA
:102D00008548FDF725FA03469AB24FF0FF33824912
:102D1000824803F0ACFB81E17A4B1B78DBB2002BDD
:102D200040F07E81774B01221A70744B00221A709A
:102D30007C4A8021784804F05BFF7748FDF708FA69
:102D400003469AB24FF0FF337349744803F08FFB88
:102D500066E16C4B1B78DBB2012B40F063810022F3
:102D60004021674801F0A5FF01222021644801F0BD
:102D7000A0FF3220FEF718FD0346002B1DD00022D5
:102D800020215F4801F095FF012240215C4801F0BD
:102D900090FF5A4B00221A70634A80215E4804F06B
:102DA00027FF5D48FDF7D4F903469AB24FF0FF3391
:102DB00059495A4803F05BFB3BE10022202150486F
:102DC00001F077FF594B1B68594A8021524804F0A3
:102DD0000FFF5148FDF7BCF903469AB24FF0FF339D
:102DE0004D494E4803F043FB1CE1464B1B78DBB2D8
:102DF000012B40F019814D4B1B68002B62D04D48D0
:102E000004F048F978607B68002B40F30D81786806
:102E1000FDF7F4FE034648491846FDF743FF034615
:102E20003B6001222021364801F043FF002240216F
:102E3000334801F03EFF32213868FEF7CFFC0346ED
:102E4000002B21D12D4B01221A70002260212C4829
:102E500001F02FFF394B1B681846FDF7E5FA0246D3
:102E60000B46CDE90023364A80212B4804F0C0FEF2
:102E70002948FDF76DF903469AB24FF0FF33264912
:102E8000264803F0F4FACFE0002220211C4801F08C
:102E900010FF012240211A4801F00BFF174B0022BE
:102EA0001A70214A80211C4804F0A2FE1A48FDF73E
:102EB0004FF903469AB24FF0FF331749174803F012
:102EC000D6FAB6E00F4B00221A7000F0F1F80B4B67
:102ED00000221A701B4A80210F4804F089FE0E4818
:102EE000FDF736F903469AB24FF0FF330A490B4813
:102EF00003F0BDFA98E000BF180200201C03002078
:102F0000000801401002002054040020000C014081
:102F10000400002078A00008980200202C05002062
:102F200084A0000894A00008209F0008F801002059
:102F3000A8A000081902002000007A440000002028
:102F4000B4A00008C4A000083C4B5B78312B1FD113
:102F50003B4B1B78DBB2022B68D13A4B1B78DBB2C0
:102F6000022B63D1384B4FF416721A80374B0A226A
:102F70001A80374B0A221A6001F012FB0346354AC9
:102F80001360354B00221A702E4B04221A704DE04C
:102F90002A4B5B78302B49D1294B1B78DBB2022BB3
:102FA00044D12E4B1B88FA2B06D8264B02221A70CE
:102FB000002000F059F839E0234BFA221A80234B05
:102FC0000A221A80224B0A221A6001F0E9FA03460B
:102FD000204A1360204B02221A701A4B05221A70E5
:102FE00024E0164B5B78312B22D1154B1B78DBB2DA
:102FF000022B1DD1134B1B78DBB2062B18D1184BBB
:1030000000221A700F4B01221A70164B00221A7000
:103010000EE0FFF7B7FD0CE000BF0AE000BF08E0DC
:1030200000BF06E000BF04E000BF02E000BF00E018
:1030300000BF00BF0837BD4680BD00BF180200209A
:10304000100200200400002024030020260300209A
:10305000280300202C030020300300201E03002042
:103060005C0300202004002080B483B000AF03463E
:10307000FB80FB88B3F57A7F0ED8FB88094AD26AB9
:1030800002FB03F3084AA2FB03239B099AB2054BF8
:103090005A63064AFB88138000BF0C37BD4680BCCC
:1030A000704700BF002C0140D34D62101E0300206A
:1030B00080B582B000AF002220215A4801F0F9FD0E
:1030C00001224021574801F0F4FD0020FFF7CCFF1A
:1030D00000224FF48051544801F0EBFD00224FF4E0
:1030E0000051514801F0E5FD0021504802F022FC5A
:1030F0000023FB717AE0FA794D4913461B019B1AB4
:103100009B000B4434331B68002B15D1FA794849D6
:1031100013461B019B1A9B000B4438331888FA791D
:10312000434913461B019B1A9B000B4430331B6819
:103130001B6802465A6356E0FA793D4913461B0163
:103140009B1A9B000B4434331B68042B15D1FA796E
:10315000374913461B019B1A9B000B4438331888D0
:10316000FA79334913461B019B1A9B000B443033F9
:103170001B681A680346936335E0FA792C491346B5
:103180001B019B1A9B000B4434331B68082B15D181
:10319000FA79274913461B019B1A9B000B443833CD
:1031A0001888FA79224913461B019B1A9B000B448D
:1031B00030331B681A680346D36314E0FA791C495C
:1031C00013461B019B1A9B000B4438331888FA796D
:1031D000174913461B019B1A9B000B4430331B6895
:1031E0001A6803461364FB790133FB71FB79022BE8
:1031F00081D9104B00221A700F4B00221A600F4B1E
:1032000000221A600E4B00221A600E4B00221A6038
:103210000D4B00221A700D4B00221A7000BF0837A8
:10322000BD4680BD00080140000C01405404002050
:103230006C0300205C0300201803002060030020C2
:1032400064030020680300202004002024040020E0
:103250002DE9B0438AB000AF78604FF000024FF024
:103260000003C7E9082307F10C031846FEF74EFBDD
:103270000346BB75BB7D022B01D1032388E0BB7DD8
:10328000002B04D0454B00221A70002380E0434BF2
:103290001B781946FB68424A42F821303F4B1B78A5
:1032A0000133DAB23D4B1A703C4B1B78092B01D825
:1032B00003236DE03A4B1B68FB61394B1B68BB6114
:1032C0000023FB7529E0FB7D354A52F82330DA17DD
:1032D0001C461546D7E9082312EB040843EB050901
:1032E000C7E90889FB7D2E4A52F82330FA699A42D1
:1032F00004DDFB7D2A4A52F82330FB61FB7D284A1E
:1033000052F82330BA699A4204DAFB7D244A52F813
:103310002330BB61FB7D0133FB75FB7D092BD2D9CB
:10332000D7E908014FF00A024FF00003FDF7A6FEAF
:1033300002460B467B681A60184B00221A707B68A5
:103340001B68002B01D1022322E0BA69FB69D31A62
:103350001846FDF753FC034612491846FDF7A2FC38
:1033600003461C467B681B681846FDF747FC03466E
:1033700019462046FDF74AFD03463B610A49386974
:10338000FDF74CFE0346002B01D0022300E0012391
:1033900018462837BD46BDE8B08300BF5C03002057
:1033A000340300200000C8420000A04080B483B075
:1033B00000AF78600B46FB707B681B7B092B01D943
:1033C000002319E07B689B7A19467B68FA785A5487
:1033D0007B689B7A0133DAB27B689A727B689B7A4E
:1033E000092B02D97B6800229A727B681B7B013310
:1033F000DAB27B681A73012318460C37BD4680BCCD
:10340000704780B483B000AF786039607B681B7B05
:10341000002B01D100231AE07B68DB7A1A467B6817
:103420009A5C3B681A707B68DB7A0133DAB27B689E
:10343000DA727B68DB7A092B02D97B680022DA72A8
:103440007B681B7B013BDAB27B681A730123184649
:103450000C37BD4680BC704780B485B000AF786043
:103460000023FB7328E0FA7B1A4913461B019B1AC1
:103470009B000B4408331B687A689A4219DBFA7B7D
:10348000144913461B019B1A9B000B440C331B6809
:103490007A689A420DDC104B1B6801330E4A1360A8
:1034A000FA7B0C4913461B019B1A9B000B441B78AB
:1034B0000BE0FB7B0133FB73FB7B022BD3D9074B68
:1034C0001B680133054A1360042318461437BD46B0
:1034D00080BC70476C030020600300206403002060
:1034E00080B584B000AF0346FB71FA7913461B0127
:1034F0009B1A9B00554A1344FB60FB68203307F17D
:103500000B0211461846FFF77CFF0346002B12D131
:10351000FB681B784E4A80214E4804F069FB4D48F9
:10352000FCF716FE03469AB24FF0FF3349494A486A
:1035300002F09DFF87E0FB681A78FB7A9A422FD150
:10354000FB685B6B002B06D1FB685A8FFB681B6B1B
:103550001B685A631EE0FB685B6B042B07D1FB689A
:10356000598FFB681B6B1A680B46936312E0FB686C
:103570005B6B082B07D1FB68598FFB681B6B1A68C4
:103580000B46D36306E0FB68598FFB681B6B1A6818
:103590000B461364314B1B680133304A136052E011
:1035A000FB685B6B002B06D1FB681A8FFB681B6BFB
:1035B0001B685A631EE0FB685B6B042B07D1FB683A
:1035C000198FFB681B6B1A680B46936312E0FB684C
:1035D0005B6B082B07D1FB68198FFB681B6B1A68A4
:1035E0000B46D36306E0FB68198FFB681B6B1A68F8
:1035F0000B461364FB79012B25D8FB795A1C134623
:103600001B019B1A9B002033104A1344FA7A11467F
:103610001846FFF7CBFE0346002B14D1FFF748FDF9
:103620000F4B03221A700F4A80210A4804F0E0FA77
:103630000848FCF78DFD03469AB24FF0FF33054969
:10364000054802F014FF1037BD4680BD6C03002012
:10365000D8A00008980200202C0500206803002054
:1036600010020020FCA0000880B485B000AF786094
:103670007B68002B02DC0023FB6006E07B683233B2
:103680000B4AA2FB03235B09FB60FB68B3F5803F99
:1036900002D34FF6FF73FB60FB689AB2054B1A80AA
:1036A000054B01221A7000BF1437BD4680BC70471D
:1036B0001F85EB51260400202404002080B586B02D
:1036C00000AF0346FB801D4B1B78DBB2022B2ED1D3
:1036D00000F066FF38610023FB7524E0FA7D134695
:1036E0001B019B1A9B00164A1344FB60FB689B8AD4
:1036F000FA889A4214D1FB68DB693A69D31A092B1C
:1037000017D9FB689B7DDBB2002B12D1FB683A69AD
:10371000DA61FB6801229A75FB683A699A6108E0F0
:10372000FB7D0133FB75FB7D022BD7D902E000BF87
:1037300000E000BF1837BD4680BD00BF100200206A
:103740006C03002080B584B000AF78607B681B6894
:10375000244A934202D1786800F088F97B681B689C
:10376000214A93423AD1214B1B78FB73FB7B3A2BC6
:1037700006D11F4B01221A701E4B00221A7028E03E
:103780001B4B1B78DBB2012B23D1FB7B0A2B01D017
:103790000D2B0DD1174B1B78DBB21A46164B0021AF
:1037A0009954134B00221A70144B01221A7010E026
:1037B000104B1B78DBB27E2B0AD80E4B1B78DBB28A
:1037C0005A1CD1B20B4A117019460B4AFB7B535459
:1037D00000BF012205490A4802F0D4FE00BF10379D
:1037E000BD4680BD00480040003801401102002065
:1037F00012020020140200201802002013020020F0
:103800002C05002080B582B000AF78607B68002B6B
:1038100019D07B681B680E4A934203D1786800F088
:10382000D5F911E07B681B680A4A93420CD10A4B18
:1038300000221A70094B00221A7001220849094817
:1038400002F0A0FE00E000BF0837BD4680BD00BF0B
:1038500000480040003801401202002014020020FD
:10386000110200202C05002080B582B000AF72B696
:1038700000BF4FF40051074801F033FA00237B608A
:1038800003E000BF7B6801337B607B68024A9342A0
:10389000F7D9EEE7001001403F420F0080B485B039
:1038A00000AF78600B46FB700023FB737B68002B36
:1038B00001D1002328E00023BB7320E0BB7B7A68A2
:1038C00013441A78FB7B5340FB7300237B7310E097
:1038D00097F90F30002B06DAFB7B5B00DBB283F03D
:1038E0000703FB7302E0FB7B5B00FB737B7B013315
:1038F0007B737B7B072BEBD9BB7B0133BB73BA7B21
:10390000FB789A42DAD3FB7B18461437BD4680BC5D
:103910007047000080B584B000AFF860B960114610
:103920001A460B46FB8013467B71FB68002B05D0C3
:10393000BB68002B02D0FB88002B01D1012327E0BC
:10394000154AFB681360144ABB685360124AFB882F
:103950001381114A7B7993720F4B0122DA720F4B5C
:1039600000221A700E4B00221A700E4B00221A70A1
:10397000094B5B68084A11890022184601F099F941
:10398000054B1B6801220849184602F0FBFD03465F
:1039900018461037BD4680BD28040020450400208D
:1039A00046040020470400204404002090B585B060
:1039B00000AF0446084611461A462346FB710346EB
:1039C000BB710B467B7113463B71254BDB7A002B99
:1039D00007D0234B1B68002B03D0214B5B68002BC7
:1039E00001D1012337E01F4B3A221A701D4AFB799F
:1039F00053701B4B9A7A1B4B9A701A4ABB79D3703F
:103A0000184A7B791371174A3B795371052116487F
:103A1000FFF744FF03461A46124B9A71114B0D22D1
:103A2000DA710F4B5B680E4A11890122184601F0CA
:103A300040F90B4B1868142308220A4902F017FDBD
:103A40000346FB73064B5B68054A11890022184642
:103A500001F02FF9FB7B18461437BD4690BD00BF1F
:103A600028040020340400203504002080B584B0F0
:103A700000AF7860494BDB7A002B00F08B807B68CD
:103A8000002B00F08780454B1B68002B00F08280E4
:103A90007B681A68414B1B681B689A427AD1404B7D
:103AA0001B78002B15D13F4B1B783A2B6AD13E4B2C
:103AB00000221A703C4B1B785A1CD1B23A4A117042
:103AC0001A46384B1978394B9954354B01221A70E4
:103AD00058E0354B1B78072B0BD8334B1B785A1CFF
:103AE000D1B2314A11701A462E4B19782F4B995486
:103AF00005E02D4B00221A70294B00221A702A4B28
:103B00001B78072B3ED9284B00221A70244B002229
:103B10001A70264B1B783A2B34D1244BDB790D2BB2
:103B200030D105212248FFF7B9FE0346FB731F4B36
:103B30009B79FA7B9A4225D11C4B5B78BB73174B60
:103B40009B7ABA7B9A4202D0BB7BFF2B1AD1194BCE
:103B50001B78DBB2002B15D1174ABB7B1370134BBC
:103B60009A78164B1A70114BDA78154B1A700F4B66
:103B70001A79144B1A700D4B5A79134B1A700D4B5E
:103B800001221A70054B1B6801220649184602F0F3
:103B9000F9FC00E000BF1037BD4680BD28040020BE
:103BA0004604002044040020450400203C0400207A
:103BB0003D04002047040020480400204904002060
:103BC0004A0400204B0400204C04002080B584B03F
:103BD00000AF78601C4BDB7A002B31D07B68002B68
:103BE0002ED0194B1B68002B2AD07B681A68164B05
:103BF0001B681B689A4223D1144B00221A70144B85
:103C000000221A700023FB607B681B681B68FB6046
:103C10007B681B685B68FB60FB687B6800225A64FA
:103C20007B68202283F842207B68002283F84020B2
:103C3000054B1B6801220749184602F0A3FC00E06F
:103C400000BF1037BD4680BD280400204504002079
:103C5000460400204404002080B485B000AF154B1A
:103C60009B69144A43F001039361124B9B6903F073
:103C70000103BB60BB680F4BDB690E4A43F0805306
:103C8000D3610C4BDB6903F080537B607B680A4B8C
:103C90005B68FB60FB6823F0E063FB60FB6843F05C
:103CA0008063FB60044AFB68536000BF1437BD4665
:103CB00080BC7047001002400000014080B400AF9B
:103CC00000BFFDE780B400AF00BFFDE780B400AFE8
:103CD00000BFFDE780B400AF00BFFDE780B400AFD8
:103CE00000BFFDE780B400AF00BFBD4680BC704799
:103CF00080B400AF00BFBD4680BC704780B400AF49
:103D000000BFBD4680BC704780B500AF00F036FCF8
:103D100000BF80BD80B500AF082000F0FBFF00BFF2
:103D200080BD80B500AF102000F0F4FF00BF80BD63
:103D300080B500AF202000F0EDFF00BF80BD000087
:103D400080B500AF024802F043FC00BF80BD00BF59
:103D50002C05002080B500AF024802F039FC00BFFE
:103D600080BD00BF7405002080B400AF0123184659
:103D7000BD4680BC704780B582B000AF78603960C6
:103D800004F024F8034616221A604FF0FF33184659
:103D90000837BD4680BD80B582B000AF78604FF077
:103DA000FF317868FFF7E7FF00BFFDE780B586B019
:103DB00000AFF860B9607A6000237B610AE0AFF37E
:103DC00000800146BB685A1CBA60CAB21A707B698F
:103DD00001337B617A697B689A42F0DB7B68184625
:103DE0001837BD4680BD80B586B000AFF860B960B9
:103DF0007A6000237B6109E0BB685A1CBA601B78BB
:103E00001846AFF300807B6901337B617A697B6878
:103E10009A42F1DB7B6818461837BD4680BD80B4F6
:103E200083B000AF78604FF0FF3318460C37BD46C3
:103E300080BC704780B483B000AF786039603B6865
:103E40004FF400525A60002318460C37BD4680BC20
:103E5000704780B483B000AF7860012318460C37F8
:103E6000BD4680BC704780B485B000AFF860B960D3
:103E70007A60002318461437BD4680BC70470000A6
:103E800080B586B000AF7860144A154BD31A7B61B9
:103E90007B693B61134B1B68002B02D1114B124A0B
:103EA0001A60104B1A687B6813443A699A4207D229
:103EB00003F08CFF03460C221A604FF0FF3309E039
:103EC000084B1B68FB60074B1A687B681344054A64
:103ED0001360FB6818461837BD4680BD00500020AF
:103EE00000040000500400201007002080B400AF40
:103EF00000BFBD4680BC704780B596B000AF07F1EB
:103F0000480300221A605A609A60DA6007F14003A1
:103F100000221A605A6007F1240300221A605A60D6
:103F20009A60DA601A615A619A613B1D2022002171
:103F3000184603F0F9FE3E4B3E4A1A603C4B002205
:103F40005A603B4B00229A60394B6322DA60384B4F
:103F500000221A61364B00225A61354B00229A61C9
:103F6000334801F053FB0346002B01D0FFF77CFCE4
:103F70004FF48053BB6407F1480319462C4801F005
:103F8000FFFD0346002B01D0FFF76EFC284801F02F
:103F9000D7FB0346002B01D0FFF766FC00233B64F0
:103FA00000237B6407F140031946214802F060F9C1
:103FB0000346002B01D0FFF757FC60237B620023F0
:103FC000BB620023FB6200233B6300237B6300236F
:103FD000BB630023FB6307F1240300221946144846
:103FE00001F00CFD0346002B01D0FFF73DFC002340
:103FF0007B600023BB600023FB6000233B61002348
:104000007B614FF40053BB6100233B623B1D1946AB
:10401000074802F08BF90346002B01D0FFF724FC80
:10402000034800F027F900BF5837BD4680BD00BFE8
:1040300054040020002C014080B58EB000AF07F181
:10404000280300221A605A609A60DA6007F12003A0
:1040500000221A605A603B1D00221A605A609A6062
:10406000DA601A615A619A61384B4FF080421A60E7
:10407000364B47225A60354B00229A60334B44F648
:104080001F62DA60314B00221A61304B00229A61C4
:104090002E4801F0BBFA0346002B01D0FFF7E4FBEA
:1040A0004FF48053BB6207F128031946274801F0FB
:1040B00067FD0346002B01D0FFF7D6FB234801F034
:1040C0003FFB0346002B01D0FFF7CEFB00233B62F2
:1040D00000237B6207F1200319461C4802F0C8F850
:1040E0000346002B01D0FFF7BFFB60237B6000235A
:1040F000BB600023FB6000237B613B1D002219464F
:10410000124801F07BFC0346002B01D0FFF7ACFB0B
:104110003B1D042219460D4801F070FC0346002B9C
:1041200001D0FFF7A1FB3B1D08221946074801F00B
:1041300065FC0346002B01D0FFF796FB034800F017
:1041400099F800BF3837BD4680BD00BF9C040020F1
:1041500080B586B000AF07F1080300221A605A60EC
:104160009A60DA603B4600221A605A601D4B1E4A74
:104170001A601C4B00225A601A4B00229A60194B9D
:104180004FF6FF72DA60174B00221A61154B0022BE
:104190009A61144801F03AFA0346002B01D0FFF768
:1041A00063FB4FF48053BB6007F1080319460D48C9
:1041B00001F0E6FC0346002B01D0FFF755FB00237E
:1041C0003B6000237B603B461946064802F050F8EE
:1041D0000346002B01D0FFF747FB00BF1837BD4651
:1041E00080BD00BFE40400200004004080B487B01C
:1041F00000AF78607B681B681B4A93420CD11B4B55
:104200009B691A4A43F400639361184B9B6903F45A
:1042100000637B617B6922E07B681B68B3F1804FA0
:104220000CD1124BDB69114A43F00103D3610F4BF0
:10423000DB6903F001033B613B6910E07B681B68AD
:104240000B4A93420BD1094BDB69084A43F0020346
:10425000D361064BDB6903F00203FB60FB6800BF20
:104260001C37BD4680BC7047002C01400010024046
:104270000004004080B588B000AF786007F11003FB
:1042800000221A605A609A60DA607B681B681F4AD5
:10429000934219D11E4B9B691D4A43F0040393615D
:1042A0001B4B9B6903F00403FB60FB684FF48073B6
:1042B0003B6102237B610223FB6107F11003194676
:1042C000144800F05BFB1CE07B681B68B3F1804F77
:1042D00017D10F4B9B690E4A43F0040393610C4BBB
:1042E0009B6903F00403BB60BB6807233B610223A7
:1042F0007B610223FB6107F110031946054800F0BA
:104300003DFB00BF2037BD4680BD00BF002C0140F3
:10431000001002400008014080B500AF114B124A66
:104320001A60104B4FF4E1325A600E4B00229A6033
:104330000C4B0022DA600B4B00221A61094B0C2255
:104340005A61084B00229A61064B0022DA61054847
:1043500002F03DF80346002B01D0FFF785FA00BFBD
:1043600080BD00BF2C0500200038014080B500AFA3
:10437000114B124A1A60104B4FF4E1325A600E4B47
:1043800000229A600C4B0022DA600B4B00221A616B
:10439000094B0C225A61084B00229A61064B0022FD
:1043A000DA61054802F013F80346002B01D0FFF74D
:1043B0005BFA00BF80BD00BF7405002000480040CC
:1043C00080B58AB000AF786007F1180300221A6048
:1043D0005A609A60DA607B681B68404A93423AD11F
:1043E0003F4B9B693E4A43F4804393613C4B9B693E
:1043F00003F480437B617B69394B9B69384A43F006
:1044000004039361364B9B6903F004033B613B69F2
:104410004FF40073BB610223FB6103237B6207F14E
:10442000180319462F4800F0A9FA4FF48063BB61C6
:104430000023FB6100233B6207F11803194629485A
:1044400000F09CFA00220021252000F0AEF9252082
:1044500000F0C7F93EE07B681B68234A934239D1DC
:104460001F4BDB691E4A43F48023D3611C4BDB697D
:1044700003F48023FB60FB68194B9B69184A43F0E7
:1044800008039361164B9B6903F00803BB60BB688C
:104490004FF48063BB610223FB6103237B6207F15E
:1044A00018031946114800F069FA4FF40063BB6124
:1044B0000023FB6100233B6207F1180319460B48F8
:1044C00000F05CFA00220021272000F06EF927207E
:1044D00000F087F900BF2837BD4680BD0038014095
:1044E000001002400008014000480040000C01405C
:1044F00080B500AF084B1B68074A43F010031360F8
:10450000032000F047F90F2000F008F8FFF7A4FBA4
:104510000023184680BD00BF0020024080B582B055
:1045200000AF7860124B1A68124B1B7819464FF493
:104530007A73B3FBF1F3B2FBF3F3184600F05FF9C3
:104540000346002B01D001230EE07B680F2B0AD815
:10455000002279684FF0FF3000F027F9064A7B68A7
:104560001360002300E0012318460837BD4680BDD4
:1045700008000020100000200C00002080B400AFD4
:10458000054B1B781A46054B1B681344034A1360FE
:1045900000BFBD4680BC704710000020BC05002055
:1045A00080B400AF024B1B681846BD4680BC704704
:1045B000BC05002080B584B000AF7860FFF7F0FF45
:1045C000B8607B68FB60FB68B3F1FF3F05D00A4B26
:1045D0001B781A46FB681344FB6000BFFFF7E0FF3F
:1045E0000246BB68D31AFA689A42F7D800BF00BFE8
:1045F0001037BD4680BD00BF1000002080B485B0DC
:1046000000AF78607B6803F00703FB600C4BDB684E
:10461000BB60BA684FF6FF031340BB60FB681A0229
:10462000BB68134343F0BF6343F40033BB60044AE9
:10463000BB68D36000BF1437BD4680BC704700BF65
:1046400000ED00E080B400AF044BDB681B0A03F010
:1046500007031846BD4680BC704700BF00ED00E070
:1046600080B483B000AF0346FB7197F90730002B8D
:104670000BDBFB7903F01F02064997F907305B0952
:10468000012000FA02F241F8232000BF0C37BD469A
:1046900080BC704700E100E080B483B000AF034607
:1046A0003960FB7197F90730002B0ADB3B68DAB2FF
:1046B0000C4997F907301201D2B20B4483F800235A
:1046C0000AE03B68DAB20849FB7903F00F03043BC8
:1046D0001201D2B20B441A7600BF0C37BD4680BC23
:1046E000704700BF00E100E000ED00E080B489B059
:1046F00000AFF860B9607A60FB6803F00703FB6104
:10470000FB69C3F10703042B28BF0423BB61FB69CA
:104710000433062B02D9FB69033B00E000237B61D5
:104720004FF0FF32BB6902FA03F3DA43BB681A4069
:104730007B699A404FF0FF317B6901FA03F3D9435B
:104740007B680B40134318462437BD4680BC704736
:1047500080B582B000AF78607B68013BB3F1807FA9
:1047600001D301230FE00A4A7B68013B53600F210C
:104770004FF0FF30FFF790FF054B00229A60044B8B
:1047800007221A60002318460837BD4680BD00BFC7
:1047900010E000E080B582B000AF78607868FFF785
:1047A0002DFF00BF0837BD4680BD80B586B000AF85
:1047B0000346B9607A60FB7300237B61FFF742FF19
:1047C00078617A68B9687869FFF790FF024697F9CF
:1047D0000F3011461846FFF75FFF00BF1837BD4680
:1047E00080BD80B582B000AF0346FB7197F90730FA
:1047F0001846FFF735FF00BF0837BD4680BD80B5BE
:1048000082B000AF78607868FFF7A2FF03461846D1
:104810000837BD4680BD80B485B000AF7860002306
:10482000FB737B6893F82130DBB2022B08D07B68E6
:1048300004229A637B68002283F82020012320E071
:104840007B681B681A687B681B6822F00E021A607E
:104850007B681B681A687B681B6822F001021A607B
:104860007B681A6C7B68DB6B012101FA02F25A60EB
:104870007B68012283F821207B68002283F82020B6
:10488000FB7B18461437BD4680BC704780B584B0AA
:1048900000AF78600023FB737B6893F82130DBB2B4
:1048A000022B05D07B6804229A630123FB7351E03D
:1048B0007B681B681A687B681B6822F00E021A600E
:1048C0007B681B681A687B681B6822F001021A600B
:1048D0007B681B68224A934229D07B681B68214A67
:1048E000934222D07B681B681F4A93421AD07B6890
:1048F0001B681E4A934212D07B681B681C4A934275
:104900000AD07B681B681B4A934202D14FF4801384
:104910000EE04FF080730BE04FF4803308E04FF46B
:10492000805305E04FF4807302E0102300E0012380
:10493000114A53607B68012283F821207B680022A2
:1049400083F820207B685B6B002B03D07B685B6B5C
:1049500078689847FB7B18461037BD4680BD00BF7E
:10496000080002401C0002403000024044000240A7
:10497000580002406C0002400000024080B48BB03E
:1049800000AF7860396000237B6200233B6269E1FD
:1049900001227B6A02FA03F3FB613B681B68FA6938
:1049A0001340BB61BA69FB699A4240F058813B6889
:1049B0005B689A4A93425ED0984A934275D8984A67
:1049C000934258D0964A93426FD8964A934252D017
:1049D000944A934269D8944A93424CD0924A934263
:1049E00063D8924A934246D0904A93425DD8122BA4
:1049F0002AD8122B59D801A252F823F0774A00087E
:104A0000514A0008634A0008A54A0008AB4A00085A
:104A1000AB4A0008AB4A0008AB4A0008AB4A0008A2
:104A2000AB4A0008AB4A0008AB4A0008AB4A000892
:104A3000AB4A0008AB4A0008AB4A0008AB4A000882
:104A4000594A00086D4A0008794A934213D02CE075
:104A50003B68DB683B6229E03B68DB6804333B6210
:104A600024E03B68DB6808333B621FE03B68DB689F
:104A70000C333B621AE03B689B68002B02D1042395
:104A80003B6213E03B689B68012B05D108233B6226
:104A90007B68FA691A6109E008233B627B68FA695E
:104AA0005A6103E000233B6200E000BFBB69FF2BBB
:104AB00001D87B6801E07B6804337B61BB69FF2B15
:104AC00002D87B6A9B0002E07B6A083B9B003B614B
:104AD0007B691A680F213B6901FA03F3DB431A4033
:104AE000396A3B6901FA03F31A437B691A603B6830
:104AF0005B6803F08053002B00F0B1804D4B9B6945
:104B00004C4A43F0010393614A4B9B6903F0010354
:104B1000BB60BB68484A7B6A9B08023352F823306B
:104B2000FB607B6A03F003039B000F2202FA03F38E
:104B3000DB43FA681340FB607B68404A934213D022
:104B40007B683F4A93420DD07B683E4A934207D030
:104B50007B683D4A934201D1032306E0042304E02D
:104B6000022302E0012300E000237A6A02F003023C
:104B700092009340FA681343FB602F497B6A9B08BD
:104B80000233FA6841F823203B685B6803F4801322
:104B9000002B06D02D4B9A682C49BB6913438B60C0
:104BA00006E02A4B9A68BB69DB43284913408B60B7
:104BB0003B685B6803F40013002B06D0234BDA68D4
:104BC0002249BB691343CB6006E0204BDA68BB691E
:104BD000DB431E491340CB603B685B6803F4003342
:104BE000002B06D0194B5A681849BB6913434B6018
:104BF00006E0164B5A68BB69DB43144913404B600F
:104C00003B685B6803F48033002B21D00F4B1A689C
:104C10000E49BB6913430B6021E000BF0000321056
:104C200000003110000022100000211000001210BE
:104C30000000111000100240000001400008014077
:104C4000000C01400010014000140140000401402C
:104C50000B4B1A68BB69DB43094913400B607B6A45
:104C600001337B623B681A687B6A22FA03F3002BEC
:104C70007FF48EAE00BF00BF2C37BD4680BC7047AE
:104C80000004014080B485B000AF78600B467B80A3
:104C90007B689A687B881340002B02D00123FB734A
:104CA00001E00023FB73FB7B18461437BD4680BC34
:104CB000704780B483B000AF78600B467B801346AA
:104CC0007B707B78002B03D07A887B681A6103E0C5
:104CD0007B881A047B681A6100BF0C37BD4680BC14
:104CE000704780B485B000AF78600B467B807B68EE
:104CF000DB68FB607A88FB6813401A04FB68D943C1
:104D00007B880B401A437B681A6100BF1437BD468D
:104D100080BC704780B582B000AF0346FB80084B73
:104D20005A69FB881340002B06D0054AFB88536163
:104D3000FB881846FEF7C2FC00BF0837BD4680BDA1
:104D40000004014080B584B000AF78607B68002B20
:104D500001D1012336E07B681B684CF6CC421A6017
:104D60007B681B6845F255521A607B681B687A683D
:104D700052685A607B681B687A6892689A60FFF78D
:104D80000FFCF86011E0FFF70BFC0246FB68D31A3A
:104D900041F23C32934208D97B681B68DB6803F020
:104DA0000303002B01D003230CE07B681B68DB6846
:104DB00003F00303002BE6D17B681B684AF6AA22A6
:104DC0001A60002318461037BD4680BD80B483B0FA
:104DD00000AF78607B681B684AF6AA221A6000233D
:104DE00018460C37BD4680BC7047000080B586B0C1
:104DF00000AF78607B68002B01D1012372E27B68F1
:104E00001B6803F00103002B00F08780924B5B6866
:104E100003F00C03042B0CD08F4B5B6803F00C03E6
:104E2000082B12D18C4B5B6803F48033B3F5803FC1
:104E30000BD1894B1B6803F40033002B6CD07B68CB
:104E40005B68002B68D101234CE27B685B68B3F59B
:104E5000803F06D1804B1B687F4A43F48033136048
:104E60002EE07B685B68002B0CD17B4B1B687A4A79
:104E700023F480331360784B1B68774A23F4802334
:104E800013601DE07B685B68B3F5A02F0CD1724BFB
:104E90001B68714A43F4802313606F4B1B686E4A92
:104EA00043F4803313600BE06B4B1B686A4A23F4B6
:104EB00080331360684B1B68674A23F480231360B8
:104EC0007B685B68002B13D0FFF76AFB386108E052
:104ED000FFF766FB02463B69D31A642B01D9032313
:104EE00000E25D4B1B6803F40033002BF0D014E0AC
:104EF000FFF756FB386108E0FFF752FB02463B69BB
:104F0000D31A642B01D90323ECE1534B1B6803F440
:104F10000033002BF0D100E000BF7B681B6803F07A
:104F20000203002B63D04C4B5B6803F00C03002B97
:104F30000BD0494B5B6803F00C03082B1CD1464B8C
:104F40005B6803F48033002B16D1434B1B6803F0DE
:104F50000203002B05D07B681B69012B01D00123C4
:104F6000C0E13D4B1B6823F0F8027B685B69DB0006
:104F7000394913430B603AE07B681B69002B20D052
:104F8000364B01221A60FFF70BFB386108E0FFF790
:104F900007FB02463B69D31A022B01D90323A1E187
:104FA0002D4B1B6803F00203002BF0D02A4B1B682B
:104FB00023F0F8027B685B69DB00274913430B6031
:104FC00015E0264B00221A60FFF7EAFA386108E084
:104FD000FFF7E6FA02463B69D31A022B01D90323F5
:104FE00080E11D4B1B6803F00203002BF0D17B68AE
:104FF0001B6803F00803002B3AD07B689B69002BE9
:1050000019D0174B01221A60FFF7CAFA386108E07D
:10501000FFF7C6FA02463B69D31A022B01D90323D4
:1050200060E10D4B5B6A03F00203002BF0D001201E
:1050300000F0CEFA1CE00A4B00221A60FFF7B0FA2B
:1050400038610FE0FFF7ACFA02463B69D31A022B36
:1050500008D9032346E100BF00100240000042428D
:1050600080044242924B5B6A03F00203002BE9D1B9
:105070007B681B6803F00403002B00F0A68000236C
:10508000FB758B4BDB6903F08053002B0DD1884BF4
:10509000DB69874A43F08053D361854BDB6903F0BA
:1050A0008053BB60BB680123FB75824B1B6803F414
:1050B0008073002B18D17F4B1B687E4A43F48073AA
:1050C0001360FFF76DFA386108E0FFF769FA0246EE
:1050D0003B69D31A642B01D9032303E1754B1B6889
:1050E00003F48073002BF0D07B68DB68012B06D1C2
:1050F0006F4B1B6A6E4A43F0010313622DE07B681D
:10510000DB68002B0CD16A4B1B6A694A23F0010350
:105110001362674B1B6A664A23F0040313621CE0A8
:105120007B68DB68052B0CD1614B1B6A604A43F03E
:10513000040313625E4B1B6A5D4A43F00103136272
:105140000BE05B4B1B6A5A4A23F001031362584B76
:105150001B6A574A23F0040313627B68DB68002B49
:1051600015D0FFF71DFA38610AE0FFF719FA024679
:105170003B69D31A41F28832934201D90323B1E04B
:105180004B4B1B6A03F00203002BEED014E0FFF739
:1051900007FA38610AE0FFF703FA02463B69D31ABF
:1051A00041F28832934201D903239BE0404B1B6AB2
:1051B00003F00203002BEED1FB7D012B05D13C4B0C
:1051C000DB693B4A23F08053D3617B68DB69002BAA
:1051D00000F08780364B5B6803F00C03082B61D02E
:1051E0007B68DB69022B46D1334B00221A60FFF744
:1051F000D7F9386108E0FFF7D3F902463B69D31AC3
:10520000022B01D903236DE0294B1B6803F00073C7
:10521000002BF0D17B681B6AB3F5803F08D1244B8B
:105220005B6823F400327B689B68214913434B6021
:105230001F4B5B6823F474127B68196A7B685B6A96
:105240000B431B4913434B601B4B01221A60FFF7B2
:10525000A7F9386108E0FFF7A3F902463B69D31AC2
:10526000022B01D903233DE0114B1B6803F00073AF
:10527000002BF0D035E0104B00221A60FFF790F9B8
:10528000386108E0FFF78CF902463B69D31A022B1C
:1052900001D9032326E0064B1B6803F00073002BA3
:1052A000F0D11EE07B68DB69012B07D1012319E0F7
:1052B0000010024000700040600042420B4B5B68EF
:1052C000FB60FB6803F480327B681B6A9A4206D15C
:1052D000FB6803F470127B685B6A9A4201D0012379
:1052E00000E0002318461837BD4680BD001002407C
:1052F00080B584B000AF786039607B68002B01D145
:105300000123D0E06A4B1B6803F007033A689A4216
:1053100010D9674B1B6823F0070265493B681343AC
:105320000B60634B1B6803F007033A689A4201D095
:105330000123B8E07B681B6803F00203002B20D038
:105340007B681B6803F00403002B05D0594B5B6896
:10535000584A43F4E06353607B681B6803F008031A
:10536000002B05D0534B5B68524A43F460535360A3
:10537000504B5B6823F0F0027B689B684D491343F8
:105380004B607B681B6803F00103002B40D07B68F7
:105390005B68012B07D1474B1B6803F40033002BDC
:1053A00015D101237FE07B685B68022B07D1414B5D
:1053B0001B6803F00073002B09D1012373E03D4B00
:1053C0001B6803F00203002B01D101236BE0394B72
:1053D0005B6823F003027B685B68364913434B60CC
:1053E000FFF7DEF8F8600AE0FFF7DAF80246FB683C
:1053F000D31A41F28832934201D9032353E02D4B53
:105400005B6803F00C027B685B689B009A42EBD1FF
:10541000274B1B6803F007033A689A4210D2244BCB
:105420001B6823F0070222493B6813430B60204BA3
:105430001B6803F007033A689A4201D0012332E067
:105440007B681B6803F00403002B08D0194B5B68D2
:1054500023F4E0627B68DB68164913434B607B688A
:105460001B6803F00803002B09D0124B5B6823F480
:1054700060527B681B69DB000E4913434B6000F0F0
:1054800021F802460B4B5B681B0903F00F030A4926
:10549000CB5C22FA03F3094A1360094B1B681846D8
:1054A000FFF73CF8002318461037BD4680BD00BF0B
:1054B000002002400010024010A100080800002057
:1054C0000C00002080B487B000AF0023FB600023F5
:1054D000BB6000237B6100237B6000233B611E4B8C
:1054E0005B68FB60FB6803F00C03042B02D0082B05
:1054F00003D027E0194B3B6127E0FB689B0C03F0CE
:105500000F03174AD35C7B60FB6803F48033002BE6
:1055100010D0114B5B685B0C03F00103114AD35CA4
:10552000BB607B680D4A03FB02F2BB68B2FBF3F37E
:105530007B6104E07B680C4A02FB03F37B617B69BF
:105540003B6102E0054B3B6100BF3B6918461C37DD
:10555000BD4680BC704700BF0010024000127A00B8
:1055600028A1000838A1000800093D0080B400AF60
:10557000024B1B681846BD4680BC704708000020DF
:1055800080B500AFFFF7F2FF0246054B5B681B0AD0
:1055900003F007030349CB5C22FA03F3184680BDEE
:1055A0000010024020A1000880B500AFFFF7DEFF29
:1055B0000246054B5B68DB0A03F007030349CB5C3B
:1055C00022FA03F3184680BD0010024020A1000813
:1055D00080B485B000AF78600A4B1B680A4AA2FB12
:1055E00003235B0A7A6802FB03F3FB6000BFFB68DE
:1055F0005A1EFA60002BF9D100BF00BF1437BD4618
:1056000080BC704708000020D34D621080B582B086
:1056100000AF78607B68002B01D1012341E07B68FB
:1056200093F83D30DBB2002B06D17B68002283F873
:105630003C207868FEF7DAFD7B68022283F83D2083
:105640007B681A687B6804331946104600F060FBDB
:105650007B68012283F846207B68012283F83E2084
:105660007B68012283F83F207B68012283F8402079
:105670007B68012283F841207B68012283F8422065
:105680007B68012283F843207B68012283F8442051
:105690007B68012283F845207B68012283F83D2046
:1056A000002318460837BD4680BD000080B485B091
:1056B00000AF78607B6893F83D30DBB2012B01D0FE
:1056C000012332E07B68022283F83D207B681B685F
:1056D000184A93420ED07B681B68B3F1804F09D003
:1056E0007B681B68144A934204D07B681B68134A8A
:1056F000934211D17B681B689B6803F00703FB6032
:10570000FB68062B10D07B681B681A687B681B68D7
:1057100042F001021A6007E07B681B681A687B6828
:105720001B6842F001021A60002318461437BD4678
:1057300080BC7047002C014000040040000800407D
:1057400080B582B000AF78607B68002B01D1012367
:1057500041E07B6893F83D30DBB2002B06D17B68DB
:10576000002283F83C20786800F039F87B68022238
:1057700083F83D207B681A687B680433194610461D
:1057800000F0C6FA7B68012283F846207B6801227C
:1057900083F83E207B68012283F83F207B6801224A
:1057A00083F840207B68012283F841207B68012236
:1057B00083F842207B68012283F843207B68012222
:1057C00083F844207B68012283F845207B6801220E
:1057D00083F83D20002318460837BD4680BD80B4BD
:1057E00083B000AF786000BF0C37BD4680BC704707
:1057F00080B584B000AF786039603B68002B09D178
:105800007B6893F83E30DBB2012B14BF01230023E9
:10581000DBB222E03B68042B09D17B6893F83F3070
:10582000DBB2012B14BF01230023DBB215E03B6880
:10583000082B09D17B6893F84030DBB2012B14BFF1
:1058400001230023DBB208E07B6893F84130DBB230
:10585000012B14BF01230023DBB2002B01D0012355
:105860005EE03B68002B04D17B68022283F83E2077
:1058700013E03B68042B04D17B68022283F83F20AD
:105880000BE03B68082B04D17B68022283F84020A0
:1058900003E07B68022283F841207B681B680122B9
:1058A0003968184600F0C0FC7B681B681E4A9342AA
:1058B00007D17B681B685A6C7B681B6842F4004206
:1058C0005A647B681B68184A93420ED07B681B6839
:1058D000B3F1804F09D07B681B68144A934204D00F
:1058E0007B681B68124A934211D17B681B689B68D6
:1058F00003F00703FB60FB68062B10D07B681B6876
:105900001A687B681B6842F001021A6007E07B6836
:105910001B681A687B681B6842F001021A6000234A
:1059200018461037BD4680BD002C014000040040E1
:105930000008004080B582B000AF786039607B68B5
:105940001B6800223968184600F06EFC7B681B68F3
:10595000294A934217D17B681B681A6A41F21113D6
:105960001340002B0FD17B681B681A6A40F2444336
:105970001340002B07D17B681B685A6C7B681B683F
:1059800022F400425A647B681B681A6A41F21113C0
:105990001340002B0FD17B681B681A6A40F2444306
:1059A0001340002B07D17B681B681A687B681B6853
:1059B00022F001021A603B68002B04D17B680122AF
:1059C00083F83E2013E03B68042B04D17B6801225E
:1059D00083F83F200BE03B68082B04D17B68012251
:1059E00083F8402003E07B68012283F841200023F4
:1059F00018460837BD4680BD002C014080B586B0F2
:105A000000AFF860B9607A600023FB75FB6893F81B
:105A10003C30012B01D10223AEE0FB68012283F868
:105A20003C207B680C2B00F29F8001A252F823F0EF
:105A3000655A0008695B0008695B0008695B00083B
:105A4000A55A0008695B0008695B0008695B0008EB
:105A5000E75A0008695B0008695B0008695B000899
:105A6000275B0008FB681B68B968184600F0BEF9A0
:105A7000FB681B689A69FB681B6842F008029A6120
:105A8000FB681B689A69FB681B6822F004029A6134
:105A9000FB681B689969BB681A69FB681B680A4345
:105AA0009A6164E0FB681B68B968184600F004FA64
:105AB000FB681B689A69FB681B6842F400629A6184
:105AC000FB681B689A69FB681B6822F480629A6114
:105AD000FB681B689969BB681B691A02FB681B6835
:105AE0000A439A6143E0FB681B68B968184600F0F6
:105AF0004DFAFB681B68DA69FB681B6842F0080214
:105B0000DA61FB681B68DA69FB681B6822F0040233
:105B1000DA61FB681B68D969BB681A69FB681B6896
:105B20000A43DA6123E0FB681B68B968184600F095
:105B300097FAFB681B68DA69FB681B6842F400622D
:105B4000DA61FB681B68DA69FB681B6822F4806213
:105B5000DA61FB681B68D969BB681B691A02FB68BC
:105B60001B680A43DA6102E00123FB7500BFFB6892
:105B7000002283F83C20FB7D18461837BD4680BDC7
:105B800080B584B000AF786039600023FB737B6818
:105B900093F83C30012B01D10223B4E07B68012251
:105BA00083F83C207B68022283F83D207B681B68D9
:105BB0009B68BB60BB6823F07703BB60BB6823F4C2
:105BC0007F43BB607B681B68BA689A603B681B6850
:105BD000B3F5005F3ED0B3F5005F00F28780B3F508
:105BE000805F00F08680B3F5805F7FD8702B1AD07D
:105BF000702B7BD8602B50D0602B77D8502B3CD0AB
:105C0000502B73D8402B58D0402B6FD8302B64D0FA
:105C1000302B6BD8202B60D0202B67D8002B5CD08A
:105C2000102B5AD062E07B6818683B6899683B6823
:105C30005A683B68DB6800F0D8FA7B681B689B6891
:105C4000BB60BB6843F07703BB607B681B68BA68C6
:105C50009A604FE07B6818683B6899683B685A68AF
:105C60003B68DB6800F0C1FA7B681B689A687B6858
:105C70001B6842F480429A603CE07B6818683B688D
:105C800059683B68DB681A4600F038FA7B681B6885
:105C90005021184600F08FFA2CE07B6818683B68AA
:105CA00059683B68DB681A4600F056FA7B681B6847
:105CB0006021184600F07FFA1CE07B6818683B689A
:105CC00059683B68DB681A4600F018FA7B681B6865
:105CD0004021184600F06FFA0CE07B681A683B68B8
:105CE0001B681946104600F066FA03E00123FB73B7
:105CF00000E000BF7B68012283F83D207B68002222
:105D000083F83C20FB7B18461037BD4680BD000061
:105D100080B485B000AF786039607B681B68FB6039
:105D20007B682F4A93420BD07B68B3F1804F07D03A
:105D30007B682C4A934203D07B682B4A934208D15C
:105D4000FB6823F07003FB603B685B68FA681343F1
:105D5000FB607B68224A93420BD07B68B3F1804F93
:105D600007D07B681F4A934203D07B681E4A934248
:105D700008D1FB6823F44073FB603B68DB68FA687A
:105D80001343FB60FB6823F080023B685B691343AD
:105D9000FB607B68FA681A603B689A687B68DA6225
:105DA0003B681A687B689A627B680D4A934203D10C
:105DB0003B681A697B681A637B6801225A617B68B9
:105DC0001B6903F00103002B05D07B681B6923F0DE
:105DD00001027B681A6100BF1437BD4680BC704762
:105DE000002C0140000400400008004080B487B04F
:105DF00000AF786039607B681B6A7B617B681B6AD7
:105E000023F001027B681A627B685B683B617B68F8
:105E10009B69FB60FB6823F07003FB60FB6823F069
:105E20000303FB603B681B68FA681343FB607B69F4
:105E300023F002037B613B689B687A6913437B61B3
:105E40007B681C4A93420CD17B6923F008037B6179
:105E50003B68DB687A6913437B617B6923F0040349
:105E60007B617B68134A934211D13B6923F48073B1
:105E70003B613B6923F400733B613B685B693A69B2
:105E800013433B613B689B693A6913433B617B6801
:105E90003A695A607B68FA689A613B685A687B681D
:105EA0005A637B687A691A6200BF1C37BD4680BCA2
:105EB000704700BF002C014080B487B000AF78600D
:105EC00039607B681B6A7B617B681B6A23F0100268
:105ED0007B681A627B685B683B617B689B69FB60DF
:105EE000FB6823F4E043FB60FB6823F44073FB6032
:105EF0003B681B681B02FA681343FB607B6923F055
:105F000020037B613B689B681B017A6913437B61BB
:105F10007B681D4A93420DD17B6923F080037B612E
:105F20003B68DB681B017A6913437B617B6923F063
:105F300040037B617B68144A934213D13B6923F48D
:105F400080633B613B6923F400633B613B685B69B1
:105F50009B003A6913433B613B689B699B003A692C
:105F600013433B617B683A695A607B68FA689A61BF
:105F70003B685A687B689A637B687A691A6200BFDB
:105F80001C37BD4680BC7047002C014080B487B0F0
:105F900000AF786039607B681B6A7B617B681B6A35
:105FA00023F480727B681A627B685B683B617B6864
:105FB000DB69FB60FB6823F07003FB60FB6823F088
:105FC0000303FB603B681B68FA681343FB607B6953
:105FD00023F400737B613B689B681B027A6913435F
:105FE0007B617B681D4A93420DD17B6923F400637A
:105FF0007B613B68DB681B027A6913437B617B69C9
:1060000023F480637B617B68144A934213D13B691C
:1060100023F480533B613B6923F400533B613B68AD
:106020005B691B013A6913433B613B689B691B0138
:106030003A6913433B617B683A695A607B68FA6846
:10604000DA613B685A687B68DA637B687A691A624E
:1060500000BF1C37BD4680BC704700BF002C01400C
:1060600080B487B000AF786039607B681B6A3B61A1
:106070007B681B6A23F480527B681A627B685B68CA
:106080007B617B68DB69FB60FB6823F4E043FB60BA
:10609000FB6823F44073FB603B681B681B02FA68D3
:1060A0001343FB603B6923F400533B613B689B68EF
:1060B0001B033A6913433B617B680F4A934209D142
:1060C0007B6923F480437B613B685B699B017A6950
:1060D00013437B617B687A695A607B68FA68DA618E
:1060E0003B685A687B681A647B683A691A6200BF29
:1060F0001C37BD4680BC7047002C014080B487B07F
:1061000000AFF860B9607A60FB681B6A7B61FB686E
:106110001B6A23F00102FB681A62FB689B693B6102
:106120003B6923F0F0033B617B681B013A69134331
:106130003B617B6923F00A037B617A69BB68134387
:106140007B61FB683A699A61FB687A691A6200BFF1
:106150001C37BD4680BC704780B487B000AFF86084
:10616000B9607A60FB681B6A7B61FB681B6A23F07D
:106170001002FB681A62FB689B693B613B6923F470
:1061800070433B617B681B033A6913433B617B6946
:1061900023F0A0037B61BB681B017A6913437B6119
:1061A000FB683A699A61FB687A691A6200BF1C371A
:1061B000BD4680BC704780B485B000AF7860396060
:1061C0007B689B68FB60FB6823F07003FB603A68A8
:1061D000FB68134343F00703FB607B68FA689A602F
:1061E00000BF1437BD4680BC704780B487B000AF95
:1061F000F860B9607A603B60FB689B687B617B6993
:1062000023F47F437B613B681A027B681A43BB68B7
:1062100013437A6913437B61FB687A699A6000BF14
:106220001C37BD4680BC704780B487B000AFF860B3
:10623000B9607A60BB6803F01F03012202FA03F31E
:106240007B61FB681A6A7B69DB431A40FB681A6250
:10625000FB681A6ABB6803F01F03796801FA03F34D
:106260001A43FB681A6200BF1C37BD4680BC7047EA
:1062700080B485B000AF786039607B6893F83C30BB
:10628000012B01D1022346E07B68012283F83C20E8
:106290007B68022283F83D207B681B685B68FB609B
:1062A0007B681B689B68BB60FB6823F07003FB6026
:1062B0003B681B68FA681343FB607B681B68FA68DD
:1062C0005A607B681B68164A93420ED07B681B6835
:1062D000B3F1804F09D07B681B68124A934204D007
:1062E0007B681B68104A93420CD1BB6823F0800383
:1062F000BB603B685B68BA681343BB607B681B6824
:10630000BA689A607B68012283F83D207B6800228E
:1063100083F83C20002318461437BD4680BC7047E4
:10632000002C0140000400400008004080B485B00B
:1063300000AF786039600023FB607B6893F83C30E5
:10634000012B01D102233DE07B68012283F83C2030
:10635000FB6823F0FF023B68DB681343FB60FB68CC
:1063600023F440723B689B681343FB60FB6823F493
:1063700080623B685B681343FB60FB6823F4006248
:106380003B681B681343FB60FB6823F480523B6847
:106390001B691343FB60FB6823F400523B685B6995
:1063A0001343FB60FB6823F480423B68DB691343C3
:1063B000FB607B681B68FA685A647B68002283F87C
:1063C0003C20002318461437BD4680BC704780B57A
:1063D00082B000AF78607B68002B01D1012342E0DE
:1063E0007B6893F84130DBB2002B06D17B6800223A
:1063F00083F840207868FDF7E3FF7B68242283F868
:1064000041207B681B68DA687B681B6822F40052B5
:10641000DA60786800F0B0FD7B681B681A697B68F9
:106420001B6822F490421A617B681B685A697B687A
:106430001B6822F02A025A617B681B68DA687B6855
:106440001B6842F40052DA607B6800225A647B6861
:10645000202283F841207B68202283F842207B6839
:1064600000225A63002318460837BD4680BD80B518
:106470008AB002AFF860B9603B601346FB8000232E
:106480007B61FB6893F84130DBB2202B75D1BB6890
:10649000002B02D0FB88002B01D101236EE0FB68AA
:1064A00000225A64FB68212283F84120FEF778F825
:1064B0007861FB68FA889A84FB68FA88DA84FB685A
:1064C0009B68B3F5805F08D1FB681B69002B04D182
:1064D0000023FB61BB68BB6103E0BB68FB61002379
:1064E000BB612EE03B6800937B6900228021F86845
:1064F00000F014FB0346002B05D0FB68202283F834
:10650000412003233AE0FB69002B0BD1BB691B88B8
:106510001A46FB681B68C2F308025A60BB69023363
:10652000BB6107E0FB691A78FB681B685A60FB696E
:106530000133FB61FB68DB8C9BB2013B9AB2FB68C9
:10654000DA84FB68DB8C9BB2002BCBD13B680093D9
:106550007B6900224021F86800F0E0FA0346002B36
:1065600005D0FB68202283F84120032306E0FB6866
:10657000202283F84120002300E002231846203720
:10658000BD4680BD80B584B000AFF860B9601346E9
:10659000FB80FB6893F84230DBB2202B12D1BB6842
:1065A000002B02D0FB88002B01D101230BE0FB68FC
:1065B00000221A63FB881A46B968F86800F007FBE6
:1065C000034600E0022318461037BD4680BD000098
:1065D00080B5BAB000AF78607B681B681B68C7F8ED
:1065E000E4307B681B68DB68C7F8E0307B681B68B9
:1065F0005B69C7F8DC300023C7F8D8300023C7F840
:10660000D430D7F8E43003F00F03C7F8D830D7F808
:10661000D830002B0FD1D7F8E43003F02003002B43
:1066200009D0D7F8E03003F02003002B03D07868BE
:1066300000F0E3FB5BE2D7F8D830002B00F0DE80FF
:10664000D7F8DC3003F00103002B06D1D7F8E03097
:1066500003F49073002B00F0D180D7F8E43003F0FE
:106660000103002B0BD0D7F8E03003F48073002B2C
:1066700005D07B685B6C43F001027B685A64D7F8F5
:10668000E43003F00403002B0BD0D7F8DC3003F028
:106690000103002B05D07B685B6C43F002027B6832
:1066A0005A64D7F8E43003F00203002B0BD0D7F87C
:1066B000DC3003F00103002B05D07B685B6C43F0FA
:1066C00004027B685A64D7F8E43003F00803002B17
:1066D00011D0D7F8E03003F02003002B05D1D7F814
:1066E000DC3003F00103002B05D07B685B6C43F0CA
:1066F00008027B685A647B685B6C002B00F0F281B7
:10670000D7F8E43003F02003002B08D0D7F8E030AE
:1067100003F02003002B02D0786800F06EFB7B684A
:106720001B685B6903F04003002B14BF01230023A7
:10673000DBB2C7F8D4307B685B6C03F00803002B36
:1067400003D1D7F8D430002B4FD0786800F078FA16
:106750007B681B685B6903F04003002B41D07B68BA
:106760001B681433C7F89C30D7F89C3053E8003FBF
:10677000C7F89830D7F8983023F04003C7F8D030E6
:106780007B681B681433D7F8D020C7F8A820C7F857
:10679000A430D7F8A410D7F8A82041E80023C7F800
:1067A000A030D7F8A030002BD9D17B68DB6B002B51
:1067B00013D07B68DB6B7E4A5A637B68DB6B1846C1
:1067C000FEF764F80346002B16D07B68DB6B5B6B2F
:1067D0007A68D26B104698470EE07868FDF712F899
:1067E0000AE07868FDF70EF806E07868FDF70AF829
:1067F0007B6800225A6475E100BF73E17B681B6B04
:10680000012B40F04F81D7F8E43003F01003002B48
:1068100000F04881D7F8E03003F01003002B00F0BF
:1068200041810023BB607B681B681B68BB607B6881
:106830001B685B68BB60BB687B681B685B6903F0B7
:106840004003002B00F0B6807B68DB6B1B685B6845
:10685000A7F8BE30B7F8BE30002B00F045817B684A
:106860009B8DB7F8BE209A4280F03E817B68B7F8D6
:10687000BE20DA857B68DB6B9B69202B00F088806B
:106880007B681B680C33C7F88830D7F8883053E82A
:10689000003FC7F88430D7F8843023F48073C7F8FA
:1068A000B8307B681B680C33D7F8B820C7F8942041
:1068B000C7F89030D7F89010D7F8942041E800231B
:1068C000C7F88C30D7F88C30002BD9D17B681B6887
:1068D00014337B677B6F53E8003F3B673B6F23F0CC
:1068E0000103C7F8B4307B681B681433D7F8B420B1
:1068F000C7F88020FB67F96FD7F8802041E80023B4
:10690000BB67BB6F002BE1D17B681B6814333B6610
:106910003B6E53E8003FFB65FB6D23F04003C7F877
:10692000B0307B681B681433D7F8B020FA66BB66BA
:10693000B96EFA6E41E800237B667B6E002BE3D1D3
:106940007B68202283F842207B6800221A637B68E0
:106950001B680C33FB64FB6C53E8003FBB64BB6CEF
:1069600023F01003C7F8AC307B681B680C33D7F8F2
:10697000AC20BA657B65796DBA6D41E800233B6553
:106980003B6D002BE3D17B68DB6B1846FDF743FFC3
:106990007B6802225A637B689A8D7B68DB8D9BB291
:1069A000D31A9BB21946786800F0ADF89CE000BF9E
:1069B000056D00087B689A8D7B68DB8D9BB2D31ACE
:1069C000A7F8CE307B68DB8D9BB2002B00F08E8069
:1069D000B7F8CE30002B00F089807B681B680C3341
:1069E000BB63BB6B53E8003F7B637B6B23F490730B
:1069F000C7F8C8307B681B680C33D7F8C8207A64A6
:106A00003B64396C7A6C41E80023FB63FB6B002B21
:106A1000E3D17B681B6814337B627B6A53E8003FD9
:106A20003B623B6A23F00103C7F8C4307B681B68F4
:106A30001433D7F8C4203A63FB62F96A3A6B41E831
:106A40000023BB62BB6A002BE3D17B68202283F862
:106A500042207B6800221A637B681B680C333B6111
:106A60003B6953E8003FFB60FB6823F01003C7F865
:106A7000C0307B681B680C33D7F8C020FA61BB615B
:106A8000B969FA6941E800237B617B69002BE3D196
:106A90007B6802225A63B7F8CE301946786800F056
:106AA00032F823E0D7F8E43003F08003002B09D05C
:106AB000D7F8E03003F08003002B03D0786800F0B3
:106AC00035F914E0D7F8E43003F04003002B0ED082
:106AD000D7F8E03003F04003002B08D0786800F0CE
:106AE00074F904E000BF02E000BF00E000BFE83737
:106AF000BD4680BD80B483B000AF786000BF0C3766
:106B0000BD4680BC704780B483B000AF78600B4650
:106B10007B8000BF0C37BD4680BC704780B586B017
:106B200000AFF860B9603B601346FB713BE03B6A25
:106B3000B3F1FF3F37D0FDF733FD02463B68D31A70
:106B40003A6A9A4202D33B6A002B01D103233AE00E
:106B5000FB681B68DB6803F00403002B23D0BB68D1
:106B6000802B20D0BB68402B1DD0FB681B681B68A6
:106B700003F00803082B16D100237B61FB681B6818
:106B80001B687B61FB681B685B687B617B69F868DD
:106B900000F056F8FB6808225A64FB68002283F86C
:106BA000402001230FE0FB681B681A68BB68134094
:106BB000BA689A420CBF01230023DBB21A46FB7964
:106BC0009A42B4D0002318461837BD4680BD80B421
:106BD00085B000AFF860B9601346FB80FB68BA6807
:106BE0009A62FB68FA889A85FB68FA88DA85FB68FE
:106BF00000225A64FB68222283F84220FB681B694A
:106C0000002B07D0FB681B68DA68FB681B6842F43E
:106C10008072DA60FB681B685A69FB681B6842F087
:106C200001025A61FB681B68DA68FB681B6842F066
:106C30002002DA60002318461437BD4680BC704736
:106C400080B495B000AF78607B681B680C337B63C1
:106C50007B6B53E8003F3B633B6B23F49073FB6417
:106C60007B681B680C33FA6C3A64FB63F96B3A6C13
:106C700041E80023BB63BB6B002BE5D17B681B683D
:106C800014333B623B6A53E8003FFB61FB6923F02E
:106C90000103BB647B681B681433BA6CFA62BB6285
:106CA000B96AFA6A41E800237B627B6A002BE5D16E
:106CB0007B681B6B012B19D17B681B680C33FB6055
:106CC000FB6853E8003FBB60BB6823F010037B64A4
:106CD0007B681B680C337A6CBA617B617969BA692D
:106CE00041E800233B613B69002BE5D17B68202212
:106CF00083F842207B6800221A6300BF5437BD46E8
:106D000080BC704780B584B000AF78607B685B6AF8
:106D1000FB60FB680022DA85FB680022DA84F868F1
:106D2000FCF770FD00BF1037BD4680BD80B485B054
:106D300000AF78607B6893F84130DBB2212B3ED105
:106D40007B689B68B3F5805F14D17B681B69002B5F
:106D500010D17B681B6AFB60FB681B881A467B6846
:106D60001B68C2F308025A607B681B6A9A1C7B6826
:106D70001A6208E07B681B6A591C7A6811621A78EB
:106D80007B681B685A607B68DB8C9BB2013B9BB2C3
:106D90007A681946D184002B0FD17B681B68DA68AA
:106DA0007B681B6822F08002DA607B681B68DA6807
:106DB0007B681B6842F04002DA60002300E0022397
:106DC00018461437BD4680BC704780B582B000AF0E
:106DD00078607B681B68DA687B681B6822F0400279
:106DE000DA607B68202283F841207868FFF782FE12
:106DF000002318460837BD4680BD80B58CB000AF73
:106E000078607B6893F84230DBB2222B40F0AE8092
:106E10007B689B68B3F5805F17D17B681B69002B8B
:106E200013D10023FB627B689B6ABB627B681B6893
:106E30005B689BB2C3F308039AB2BB6A1A807B6893
:106E40009B6A9A1C7B689A6226E07B689B6AFB625D
:106E50000023BB627B689B68B3F5805F07D07B68CB
:106E60009B68002B0AD17B681B69002B06D17B68CD
:106E70001B685B68DAB2FB6A1A7008E07B681B6803
:106E80005B68DBB203F07F03DAB2FB6A1A707B68DF
:106E90009B6A5A1C7B689A627B68DB8D9BB2013BC4
:106EA0009BB27A681946D185002B5DD17B681B683F
:106EB000DA687B681B6822F02002DA607B681B6856
:106EC000DA687B681B6822F48072DA607B681B6872
:106ED0005A697B681B6822F001025A617B68202294
:106EE00083F842207B6800225A637B681B6B012B6E
:106EF00035D17B6800221A637B681B680C337B6189
:106F00007B6953E8003F3B613B6923F010037B62E0
:106F10007B681B680C337A6A3A62FB61F9693A6AEA
:106F200041E80023BB61BB69002BE5D17B681B688E
:106F30001B6803F01003102B0AD10023FB607B6851
:106F40001B681B68FB607B681B685B68FB60FB68F9
:106F50007B689B8D19467868FFF7D5FD02E078685D
:106F6000FCF7F0FB002302E0002300E002231846B8
:106F70003037BD4680BD000080B584B000AF78607A
:106F80007B681B681B6923F440517B68DA687B6867
:106F90001B680A431A617B689A687B681B691A43FD
:106FA0007B685B691343BB607B681B68DB6823F409
:106FB000B05323F00C037A681268B9680B43D360AE
:106FC0007B681B685B6923F440717B689A697B6806
:106FD0001B680A435A617B681B682C4A934203D1A1
:106FE000FEF7E2FAF86002E0FEF7CAFAF860FA6823
:106FF00013469B0013449A001A447B685B689B000D
:10700000B2FBF3F3224AA2FB03235B091901FA68DE
:1070100013469B0013449A001A447B685B689B00EC
:10702000B2FBF3F21A4BA3FB02035B09642000FBE3
:1070300003F3D31A1B013233154AA2FB03235B0966
:1070400003F0F0031944FA6813469B0013449A00B6
:107050001A447B685B689B00B2FBF3F20C4BA3FB0A
:1070600002035B09642000FB03F3D31A1B013233D4
:10707000074AA2FB03235B0903F00F027B681B682E
:107080000A449A6000BF1037BD4680BD00380140F9
:107090001F85EB510A22002100F07AB8242B2DE93C
:1070A000F0478646904601D8012B06D100F08EFEAF
:1070B000162303600020BDE8F0870D4633482A46BA
:1070C00015F8014B065D16F00806F8D12D2C10D1ED
:1070D00001262C78951C33F0100215D1302C0DD1DF
:1070E0002A7802F0DF02582A08D16C780235102382
:1070F0000AE02B2C04BF2C78951CECE7002BF6D172
:10710000302C14BF0A230823002206F1004C0CF196
:10711000FF3CBCFBF3F9104603FB19CAA4F130078E
:10712000092F0FD83C46A3421BDD571C07D08145D1
:1071300014D301D1A24511DB012200FB034015F855
:10714000014BEBE7A4F14107192F01D8373CEAE7DF
:10715000A4F16107192F04D8573CE4E74FF0FF3240
:10716000EDE7531C08D122236046CEF80030B8F179
:10717000000FA0D0691E06E006B14042B8F1000F32
:1071800099D0002AF6D1C8F8001094E73BA1000876
:1071900013460A46014602480068FFF77FBF00BF5A
:1071A00020000020002B2DE9F0471D46BBBF03F156
:1071B00000431D4600232D2388B01446B8BF144653
:1071C000129A109E1370149BDDF84CA023F0200837
:1071D000B8F1460F05D0B8F1450F00D101360223B2
:1071E00000E0032307AA049206AACDE902A2CDE992
:1071F000003622462B4600F0AFFEB8F1470F074697
:1072000019D1119BDB070ED500EB060900220023E4
:1072100020462946F9F7C8FB08B1CDF81C9030226A
:10722000079B4B451ED33846079B159ADB1B136003
:1072300008B0BDE8F087B8F1460F00EB0609E5D1CC
:107240000378302B0AD10022002320462946F9F783
:10725000ABFB18B9C6F10106CAF80060DAF80030D5
:107260009944D3E7591C07911A70D9E7F7B500295B
:10727000B6BF2D232B23494209290270437029DD13
:107280000DF1070425460A27B1FBF7F6224607FB56
:107290001613303302F8013C0B46632B314604F1E0
:1072A000FF34F1DC3031931E04F8011C1C46411CF4
:1072B000AB420AD30DF109039B1AA54238BF002344
:1072C000821C1344181A03B0F0BD13F8016B01F8C7
:1072D000016FEDE7302330318370C170031DF1E79A
:1072E0002DE9F04F91B00C46DDF8688016461F4638
:1072F000054600F021FD036818460A93F8F728FFB9
:1073000000230E93D8F8003094F818A0073323F028
:107310000703F3E80212D4F800B0CDE90812C8F868
:10732000003013460A46C4E91223DDE9088323F03E
:1073300000490B904FF0FF32404649469B4BF9F70E
:1073400065FB70BB4FF0FF3240464946974BF9F75B
:107350003FFB30BBDDE9080100220023F9F72EFBDB
:1073600010B12D2384F84330914A924BBAF1470F64
:107370008CBF9046984603234FF0000923612BF001
:107380000403236033462146284600970FAA00F0E5
:10739000D3F9013040F08F804FF0FF3011B0BDE8DD
:1073A000F08FDDE9082310461946F9F72FFB40B1AD
:1073B000099B814A002BBCBF2D2384F843307F4BAF
:1073C000D4E763680AF0DF095A1C3ED106236360E4
:1073D00000224BF48063236006920EAACDE904A23A
:1073E0000DAA03920DF13302CDE9013263682846FC
:1073F0000093DDE90823FFF7D5FEB9F1470F80467A
:107400000D9929D1C81C02DB63688B4241DAAAF1CD
:10741000020A5FFA8AFA5246013904F150000D91CE
:10742000FFF724FF0E9A81461318012A236102DC1C
:107430002268D20701D5013323619DF83330002B38
:10744000A0D02D2384F843309CE7B9F1470FBFD17A
:10745000002BBDD10123BAE7BAF1650FDBD9BAF130
:10746000660F18D1002963680BDD216113B922680A
:10747000D00702D501330B4423614FF00009A16509
:10748000DBE713B92268D20701D50233F4E7012301
:10749000F2E74FF0670A0E9B8B4205DC23682161FF
:1074A000D807EAD54B1CE7E70029CCBF0122C1F180
:1074B00002021344E0E723685A0507D423694246D1
:1074C00031462846B84701302BD165E7BAF1650F40
:1074D00040F2DC80D4E9120100220023F9F764FABB
:1074E000002833D0012331462846354AB8470130B9
:1074F0003FF452AFDDE90D38434502DB2368D8077E
:107500000FD5DDE90A2331462846B84701303FF45C
:1075100043AF4FF0000908F1FF3804F11A0AC845DB
:1075200009DC23689B0700F10281E0680F9B984209
:10753000B8BF184632E70123524631462846B847BD
:1075400001303FF429AF09F10109E8E70D9B002B59
:1075500038DC012331462846194AB84701303FF448
:107560001BAFDDE90D3959EA030302D12368D907BE
:10757000D7D5DDE90A2331462846B84701303FF424
:107580000BAF4FF0000A04F11A0B0D9B5B42534501
:1075900001DC4B4693E701235A4631462846B8475B
:1075A00001303FF4F9AE0AF1010AEEE7FFFFEF7F89
:1075B0003FA200083BA2000847A2000843A200081F
:1075C0004BA20008A36DDDF838A05345A8BF534671
:1075D000002B994636DC4FF0000B29EAE97904F1DB
:1075E0001A02A36D0893A3EB09035B4531DC0D9BE5
:1075F0009A453ADC2368DA0737D40D9BAAEB0309D6
:10760000089BAAEB03039945A8BF9946B9F1000F5F
:1076100033DC4FF0000829EAE97904F11A0B0D9BDD
:10762000AAEB0303A3EB090343457FF77AAF0123DA
:107630005A4631462846B84701303FF4ADAE08F10E
:107640000108ECE7424631462846B8470130C2D12E
:10765000A2E60123314628460892B84701303FF49C
:107660009BAE089A0BF1010BBBE73146DDE90A231B
:107670002846B8470130C0D18EE6089A4B463146BD
:1076800028464244B8470130C3D185E6DDF838A02A
:10769000BAF1010F01DCDB0736D501234246314642
:1076A0002846B84701303FF477AEDDE90A2331467A
:1076B0002846B84701303FF46FAED4E912010022EA
:1076C00000230AF1FF3AF9F76FF9C0B9534608F100
:1076D000010231462846B84701300CD15CE601234F
:1076E0005A4631462846B84701303FF455AE08F1B6
:1076F0000108D045F3DB4B4604F15002E0E64FF0C1
:10770000000804F11A0BF4E701234246E1E70123E4
:107710004A4631462846B84701303FF43DAE08F1AD
:107720000108E3680F995B1A4345F0DCFDE64FF072
:10773000000804F11909F4E72DE9F04716469846C8
:107740008A680B6907469342B8BF1346336091F8C5
:1077500043200C46DDF820900AB1013333602368E2
:10776000990642BF336802333360256815F0060579
:1077700006D104F1190AE36832689B1AAB422BDC8C
:1077800094F843302268003B18BF0123920630D49E
:107790004146384604F14302C847013023D02368EC
:1077A000226903F00603042B14BF002533684FF051
:1077B000000608BFE56804F11A0408BFED1A54F882
:1077C000123C08BF25EAE5759342C4BF9B1AED1829
:1077D000B5421AD1002008E00123524641463846FE
:1077E000C847013003D14FF0FF30BDE8F0870135C5
:1077F000C1E73020E11881F843005A1C94F8451085
:107800002244023382F84310C2E701232246414654
:107810003846C8470130E6D00136D9E72DE9F043B4
:107820000D7E85B0782D904607460C4699460C9EF5
:1078300001F1430207D8622D0AD8002D00F0D7804D
:10784000582D00F0BC8004F1420684F842503BE021
:10785000A5F16303152BF6D801A151F823F000BF61
:10786000B9780008CD780008477800084778000804
:107870004778000847780008CD7800084778000866
:10788000477800084778000847780008D57900084D
:10789000F7780008877900084778000847780008DB
:1078A000F779000847780008F7780008477800085B
:1078B000477800088F79000833681A1D1B6832600A
:1078C00004F1420684F842300123A1E033682068C5
:1078D000191D3160060601D51D6803E04506FBD57C
:1078E000B3F90050002D03DA2D236D4284F84330A4
:1078F0000A235B4811E021683368080653F8045BEB
:1079000002D4490648BFADB23360237E54486F2B82
:107910005CD10823002184F843106668002EA6601D
:1079200005DB21682E4321F00401216050D016466A
:10793000B5FBF3F103FB115C10F80CC006F801CDA8
:10794000AC4663450D46F3D9082B0BD12368DB0702
:1079500008D5236961689942DEBF302306F8013CEF
:1079600006F1FF36921B2261434621463846CDF888
:10797000009003AAFFF7E0FE01304ED14FF0FF3038
:1079800005B0BDE8F083236843F020032360782529
:10799000344884F845502368316813F0800F51F85B
:1079A000045B03D113F0400F18BFADB23160D907AB
:1079B00044BF43F0200323601DB11023AAE72848E9
:1079C000E7E7236823F020032360F6E70A23A1E713
:1079D0001646B9E733682568181D616930602E06C0
:1079E0001B6801D5196002E06806FBD519800023E9
:1079F00016462361B8E7336800211A1D32601E68FD
:107A00006268304600F00FFA08B1801B606063685E
:107A10002361002384F84330A6E7324641463846C6
:107A20002369C8470130A9D023689B0713D4E068B5
:107A3000039B9842B8BF1846A2E70123324641464D
:107A40003846C847013099D00135E36803995B1A7D
:107A5000AB42F2DCEBE7002504F11906F5E700BFC5
:107A60004DA200085EA20008002310B50446C0E93C
:107A70000033C0E90433836081814366C28183613E
:107A8000194608225C3000F04FF90D4B2462636206
:107A90000C4BA3620C4BE3620C4B23630C4B9C42DC
:107AA00006D003F16802944202D0D0339C4205D143
:107AB00004F15800BDE8104000F0B2B910BD00BF9D
:107AC000A17C0008C37C0008FB7C0008217D000825
:107AD000C0050020024A0349034800F06BB800BF0C
:107AE00014000020D59700082400002041680C4BAA
:107AF00010B59942044601D001F06CFEA168094B13
:107B0000994202D0204601F065FEE168064B994299
:107B100004D02046BDE8104001F05CBE10BD00BF9F
:107B2000C005002028060020900600200C4B0D4ABE
:107B300010B504211A600C480022FFF795FF0A4B8C
:107B400001221C46092103F16800FFF78DFF04F1B3
:107B5000D0000222BDE810401221FFF785BF00BF10
:107B6000F8060020D57A0008C0050020014800F082
:107B700058B900BF01070020014800F053B900BF09
:107B80000107002010B50446FFF7F0FF236A1BB180
:107B9000BDE81040FFF7F0BF044B2362044B1B68A5
:107BA000002BF5D1FFF7C2FFF2E700BFED7A000826
:107BB000F80600202DE9F8430746884614460026BB
:107BC000D4E90195B9F1010905D52468002CF7D154
:107BD0003046BDE8F883AB89012B07D9B5F90E30E3
:107BE000013303D029463846C04706436835E9E7E4
:107BF0000CB430B5184B0C1E1D689DB008DA8B23F1
:107C00004FF0FF302B601DB0BDE8304002B0704730
:107C10004FF40273ADF814304FF000031B930CBF08
:107C2000234604F1FF33049307934FF6FF7302904A
:107C30000690ADF81630284621AB209A02A9019390
:107C400001F052FC431CBCBF8B232B60002CDAD00C
:107C50000022029B1A70D6E7200000200EB46FF0BD
:107C6000004110B500249DB01FAB02900690079113
:107C700004910948094953F8042B0591006802A9A9
:107C800001931B9401F030FC029B1C701DB0BDE8F9
:107C9000104003B0704700BF200000200802FFFF23
:107CA00010B50C46B1F90E1000F06CF80028ABBF0F
:107CB000636DA3891B1823F48053ACBF6365A38154
:107CC00010BD2DE9F0411F468B890546DB050C46AA
:107CD000164605D502230022B1F90E1000F040F837
:107CE000A389324623F48053A38128463B46B4F946
:107CF0000E10BDE8F04100F057B810B50C46B1F9D0
:107D00000E1000F02DF8B4F90C30421C0BBF23F418
:107D1000805343F48053A381A38118BF606510BDD5
:107D2000B1F90E1000F00CB803460244934200D1A2
:107D3000704703F8011BF9E7004870476001002015
:107D400038B50023054D044608462B60FCF767F85C
:107D5000431C02D12B6803B1236038BDFC06002010
:107D600038B50446084611460022054D2A601A46D9
:107D7000FCF779F8431C02D12B6803B1236038BDAE
:107D8000FC06002038B50446084611460022054D81
:107D90002A601A46FCF70AF8431C02D12B6803B18B
:107DA000236038BDFC06002038B50446084611465D
:107DB0000022054D2A601A46FCF715F8431C02D133
:107DC0002B6803B1236038BDFC060020014B186806
:107DD000704700BF2000002070B500260C4D0D4BF1
:107DE0005B1B9C10A64209D1002602F085F80A4DC3
:107DF0000A4B5B1B9C10A64205D170BD55F8043B95
:107E000098470136EEE755F8043B98470136F2E70C
:107E1000B0A40008B0A40008B0A40008B4A40008EE
:107E2000704770477047034610B5C9B20244934289
:107E3000184601D1002003E0047801338C42F6D1CA
:107E400010BD2DE9F74F03690C690746A3427EDB9D
:107E5000013CA30000F1140501F11408009305EBA7
:107E60008403019358F8243055F8242001339A42B2
:107E7000B2FBF3F608EB84092ED34FF0000AC44698
:107E8000AE46D3465CF8043B98B206FB00A01B0C40
:107E9000020C06FB0323DEF8002080B292B2121A15
:107EA0005A44DEF800004FEA134A9BB2C3EB224368
:107EB00003EB104392B242EA0342E1454FEA234BFF
:107EC0004EF8042BDED2009BEB582BB9019B043BF0
:107ED0009D421A462FD33C61384601F099F900289B
:107EE00025DB2946002058F8042BD1F800C01FFAE2
:107EF00082FE1FFA8CF3A3EB0E030344120CC2EBB9
:107F0000234202EB1C429BB243EA0243C1454FEAC3
:107F1000224041F8043BE6D255F8242005EB8403C7
:107F200022B9043B9D421A460BD33C6101363046D0
:107F300003B0BDE8F08F1268043B002ACBD1013CAE
:107F4000C6E71268043B002AEFD1013CEAE70020B3
:107F5000EEE70000000000002DE9F04F16461F4636
:107F6000C26999B08146CDE90E67259C82B910207F
:107F700000F020FE0246C9F81C0020B9EF21A84BF2
:107F8000A84801F087FC0023C0E901330360C36007
:107F9000116859B101235268484693404A608B608A
:107FA00000F0FCFE0022D9F81C301A60B7F100087E
:107FB000B5BF01230023236023609B4BBCBF28F087
:107FC0000048CDF83C8033EA08031AD142F20F731F
:107FD000249AC8F3130858EA0608136000F0748561
:107FE000269B53B9914B21E0914B03930833269A7A
:107FF0001360039819B0BDE8F08F8C4B03930333E3
:10800000F5E7DDE90E34CDE90A34DDE90A010022A5
:108010000023F8F7C9FC824650B10123249A13606B
:10802000269B13B1834B269A1360834B0393E0E79F
:1080300016AB019317AB00934846DDE90A2301F024
:108040009BF95FEA1854169D04907BD0DDE90A0184
:108050000B9BA4F2FF34C3F3130343F07F5343F4A9
:108060004013CDF850A019460022744BF8F77CF865
:1080700065A3D3E90023F8F72FFA65A3D3E900231A
:10808000F8F774F8064620460F46F8F7BBF962A3E6
:10809000D3E90023F8F720FA02460B46304639466A
:1080A000F8F764F806460F46F8F7C6FC002280464B
:1080B000002330463946F8F781FC48B14046F8F7CE
:1080C000A1F932463B46F8F76FFC08B908F1FF38D2
:1080D000B8F1160F53D8DDE90A01594B03EBC80379
:1080E000D3E90023F8F76AFC00284AD0002308F1FE
:1080F000FF3811932D1B6B1E099349BF00230027E6
:10810000C5F101070993B8F1000F3CDB099BCDF8DD
:1081100040804344099300230C93229B092B64D88D
:10812000052BC4BF043B2293229BC8BF0024A3F1AC
:108130000203D8BF0124032B00F28680DFE803F09E
:108140005153362B179C2C4404F23243202BC1BFD1
:10815000C3F1400308FA03F804F2124326FA03F3CA
:10816000D6BFC3F1200348EA030006FA03F0F8F78C
:1081700039F90122A1F1F873013C149273E701234C
:10818000B7E71190B6E7C8F100030C930023A7EB03
:1081900008071093C1E701230D93239B43440893E1
:1081A0000133012B0593B8BF012306E001230D9392
:1081B000239B002B4BDD0893059300210422D9F863
:1081C0001C0002F114059D4246D94160484600F06A
:1081D000A7FD0390002842D1024640F2AF11194B8F
:1081E000CEE60023E3E70023D6E7012400230D9425
:1081F00022934FF0FF33002208930593122323921A
:10820000DBE700BFAFF3008061436F63A787D23F16
:10821000B3C8608B288AC63FFB799F501344D33F75
:108220007CA2000893A200080000F07F78A200085A
:108230006FA200084CA200084BA200080000F83F03
:10824000E0A30008EBA2000801230D93D1E701236E
:108250001A4608930593D2E701315200B1E7D9F8E5
:108260001C30039A1A60059B0E2B00F2A180002C93
:1082700000F09E80B8F1000F36DD9F4B08F00F0232
:1082800003EBC20318F4807F4FEA2815D3E900AB53
:1082900016D0DDE90A01994B0324D3E90823F8F746
:1082A00045FACDE9060105F00F05944E75B9DDE9F3
:1082B000060152465B46F8F739FA82468B462DE0B6
:1082C000DDE90A34CDE906340224EEE7E90708D5F2
:1082D000D6E9002350465946F8F7FEF882468B4609
:1082E00001346D100836E1E700F0AD80DDE90A01E8
:1082F000C8F10005804B05F00F0203EBC203D3E980
:108300000023F8F7E9F8022482468B4600237B4ECF
:108310002D11002D40F08C80002BCED1119B002B15
:1083200000F09580002250465946754BF8F746FB01
:10833000002800F08C80059B002B00F08880089BB3
:10834000002B35DD08F1FF335046594606930022D5
:108350006C4BF8F7C1F882468B46089E01342046E4
:10836000F8F750F852465B46F8F7B6F80022664B2D
:10837000F7F7FCFE0446A1F15075CDE91245002E39
:1083800069D1002250465946604BF7F7EDFE224670
:108390002B4682468B46F8F72FFB002840F0998247
:1083A00022465046594605F10043F8F707FB20BB2B
:1083B000179B002BC0F26581B8F10E0F00F36181AD
:1083C0004D4B03EBC803D3E900AB239B002B80F29A
:1083D000EF80059B002B00F3EB800ED100224B4B6E
:1083E00050465946F8F778F802460B46DDE90A018F
:1083F000F8F7EEFA002800F06F8200252C46239B48
:10840000039EDB430693274600242946484600F096
:10841000C5FC002F00F0C2802CB1BC4203D0214625
:10842000484600F0BBFC3946484600F0B7FCB5E0D2
:10843000EA0705D5D6E90023F8F74EF80123013401
:108440006D10083665E70224DDE90AAB66E7059E94
:10845000CDF8188083E7284B03EBC60353E90201EC
:108460000D9B002B56D002460B4600202849F8F7FA
:108470005DF9DDE91223F7F777FE039BCDE91201E1
:108480009D191E4659465046F8F7D6FA0446F7F7A6
:10849000B9FF02460B4650465946F7F765FEDDE93F
:1084A0001223303406F8014B82468B46F8F786FAE1
:1084B000002873D152465B4600201149F7F754FE5D
:1084C000DDE91223F8F77AFA002840F0BB80AE42CB
:1084D0003FF46EAFDDE9120100220A4BF7F7FCFF13
:1084E0000022CDE91201074B50465946F7F7F4FF39
:1084F00082468B46C6E700BFE0A30008B8A3000889
:108500000000F03F0000244000001C400000144028
:108510000000E03FDDE91223F7F7DEFF039BCDE922
:1085200012013344039D159359465046F8F784FAD7
:108530000446F7F767FF0B46024659465046F7F7E1
:1085400013FE3034159B05F8014B9D4282468B4645
:1085500027D1DDE91201039B00221E44B54BF7F73A
:1085600005FE02460B4650465946F8F745FA0028E4
:1085700068D1DDE912230020AE49F7F7F5FD024688
:108580000B4650465946F8F719FA00283FF410AF49
:10859000334616F8012D302AFAD01E46DDF8188031
:1085A0003EE00022A44BF7F797FF82468B46BBE7DD
:1085B0000024039EA04D5246DDE90A015B46F8F710
:1085C000B5F8F8F739FA0746F7F71CFF52465B464D
:1085D000F7F782FF02460B46DDE90A01F7F7C4FD13
:1085E00007F1300C06F801CBDDF80CC0DDF814E023
:1085F000A6EB0C0CE64502460B4633D1F7F7B6FD69
:1086000052465B4604460D46F8F7F6F9C0B95246A5
:108610005B4620462946F8F7C7F908B1FB070FD497
:108620004846049900F0BAFB0023249A337008F1FD
:1086300001031360269B002B3FF4DBAC1E60D8E4E3
:10864000CDF8188033461E4613F8012D392A06D17D
:10865000039A9A42F7D1069A0132069230220132E9
:108660001A709BE722462B46F7F736FF02460B4669
:10867000CDE90A2300220023F8F796F900289AD0C2
:10868000CEE70D9A002A00F0E380229A012A00F337
:10869000C280149A002A00F0BA8003F233430C9D82
:1086A0003E46099A01211A4448461F44099200F0A7
:1086B00029FC044656B1099B002B07DDB342A8BF35
:1086C0003346099AFF1AF61AD31A09930C9B0BB377
:1086D0000D9B002B00F0C380002D00F0BD802146D3
:1086E0002A46484600F0CCFC049A01460446484617
:1086F00000F01EFC04998246484600F04FFB0C9B9C
:108700005B1B0C9300F0AE8051460C9A484600F07B
:10871000B7FC04900121484600F0F4FB109B05468D
:10872000002B00F0D8811A460146484600F0A8FC0C
:10873000229B0546012B00F39D800E9B002B40F0F1
:1087400094800F9BC3F31303002B40F08E800F9B8C
:1087500023F000431B0D1B05002B00F089804FF018
:10876000010A099B013701330993109B002B00F08C
:10877000B8812B6905EB8303186900F077FBC0F122
:108780002000099B184410F01F007ED0C0F1200388
:10879000042B72DD099BC0F11C000344074406440E
:1087A0000993002F05DD3A464846049900F0C4FCC1
:1087B0000490099B002B05DD29461A46484600F027
:1087C000BBFC0546119B002B61D02946049800F0A4
:1087D0001FFD00285BDA08F1FF3306930A2200230D
:1087E0004846049900F0FCFA0D9B0490002B00F021
:1087F0007A81002321460A22484600F0F1FA089BBC
:108800000446002B72DC229B022B49DC6EE0169B97
:10881000C3F1360343E7059B5D1E0C9BAB420DDBAA
:108820005D1B059B002BBFF63BAF059BFE1A00238B
:1088300037E700BF0000E03F000024400C9B109A87
:10884000EB1A1A440C953E460025059B109228E72A
:108850003E460C9D0D9C2DE7DDF810A054E70C9AC8
:10886000049953E7CDF810A054E74FF0000A7CE7D5
:108870009A467AE74FF0000A7BE792D0099A1C33B8
:108880001A441F441E4409928BE70346F6E7059BF2
:10889000CDF81880002B23DC0893229B022B21DDCE
:1088A000089B002B7FF4ABAD29460522484600F01B
:1088B00097FA01460546049800F0AAFC00287FF7C5
:1088C0009EAD3123039E06F8013B069B01330693C0
:1088D00099E535462C46F4E7059DCDF81880F9E773
:1088E000059B08930D9B002B00F00181002E05DDF8
:1088F00021463246484600F01FFC0446BAF1000FFC
:108900005AD04846616800F00BFA064628B902467C
:1089100040F2EF21814BFFF733BB226904F10C01D8
:10892000023292000C3000F0A7FF01223146484687
:1089300000F002FC0746039B039A03F1010B089B1E
:1089400013440A930E9B03F0010309930BF1FF33C9
:10895000294604980593FFF774FA2146089000F120
:10896000300A049800F054FC3A46804629464846AE
:1089700000F06AFCC268064602BB0146049800F09B
:1089800047FC0246314648460C9200F007FA229B0B
:108990000C9A5E4642EA0301099B194310D1BAF1D1
:1089A000390F2BD0B8F1000F02DD089B03F1310A1B
:1089B000059B83F800A028E52746BCE70122E1E7F4
:1089C000B8F1000F06DB229B48EA0308099B58EA2E
:1089D000030820D1002AEBDD01220499484600F06B
:1089E000ABFB2946049000F013FC002803DCDFD128
:1089F0001AF0010FDCD0BAF1390FD6D13923059A1C
:108A0000137033461E4616F8012C013B392A53D009
:108A100001321A70F9E4002A07DDBAF1390FEDD0FE
:108A2000059A0AF101031370EFE40A9B0BF801ACFD
:108A30005B452BD000230A220499484600F0D0F968
:108A4000BC4204904FF000034FF00A022146484612
:108A500006D100F0C5F9044607460BF1010B75E796
:108A600000F0BEF93946044600230A22484600F0C9
:108A7000B7F90746F1E7089B2746002B03F1FF36BD
:108A8000D8BF00260024039B5A1C164401220499D7
:108A9000484600F051FB2946049000F0B9FB00283D
:108AA000AFDC02D11AF0010FABD133461E4613F8EA
:108AB000012D302AFAD0A8E4039A9A42A2D1069B4B
:108AC000013306933123AEE7269B002B7FF48CAA5B
:108AD000134BFFF7ABBA229B012B7FF72EAEDDF8CD
:108AE00040A001204DE6089B002B7FF7D6AE039EE9
:108AF00029460498FFF7A5F9039B00F1300A06F810
:108B000001ABF21A089B9342B5DD00230A224846C6
:108B1000049900F065F90490EAE700BFEBA20008B1
:108B20006FA2000838B50546002940D051F8043C32
:108B30000C1F002BB8BFE41800F0E6F81C4A1368BD
:108B400033B9636014602846BDE8384000F0E2B8ED
:108B5000A34208D9206821188B4201BF19685B68BD
:108B600009182160EDE71A465B680BB1A342FAD9F8
:108B700011685018A0420BD120680144501883425C
:108B80001160E0D118685B68084410605360DAE750
:108B900002D90C232B60D6E7206821188B4201BF35
:108BA00019685B680918216063605460CBE738BDC1
:108BB00008070020024B0146186800F025B800BFE6
:108BC0002000002070B50F4E0C463168054611B9E3
:108BD00000F042FE30602146284600F03DFE431C76
:108BE00003D14FF0FF34204670BDC41C24F00304B1
:108BF000A042F8D0211A284600F02EFE0130F2D112
:108C0000EFE700BF040700202DE9F843CD1C25F055
:108C1000030508350C2D38BF0C25002D064601DB59
:108C2000A94204D90C2333600020BDE8F883DFF8A3
:108C3000D48000F069F8D8F800301C4644BB2946BF
:108C40003046FFF7BFFF431C044658D1D8F8004018
:108C50002746002F43D1002C4BD02368394630469D
:108C600004EB030900F0F8FD814542D1216830464C
:108C70006D1A2946FFF7A6FF01303AD023682B442E
:108C80002360D8F800305A6862BBC8F800700FE063
:108C90002268521B20D40B2A17D96119A3422560E0
:108CA00018BF5960636808BFC8F8001062514B6074
:108CB000304600F02FF804F10B00231D20F00700D0
:108CC000C21A1CBF1B1AA350AFE76268A3420CBFB5
:108CD000C8F800205A60EBE723466468AEE73C46DC
:108CE0007F68B6E71A465B68A342FBD10023536056
:108CF000DEE70C233046336000F00CF894E70560A3
:108D0000D6E700BF080700200148FFF78AB800BF78
:108D1000000700200148FFF785B800BF00070020CA
:108D200070B5C46905460E4684B91020FFF742FFAE
:108D30000446E86128B902466B21164B164800F03C
:108D4000A9FD0023C0E901330360C360E36853B9A0
:108D500021220421284600F0BBFDEB69E060DB68BE
:108D60000BB9002070BD53F8260030B1026843F8FB
:108D700026200023C0E90333F4E7012101FA06F4B9
:108D8000621D2846920000F0A3FD0028E9D0C0E94A
:108D90000164EEE77CA20008FCA2000870B5C66979
:108DA00005460C4676B91020FFF704FF0246E8613D
:108DB00020B98F21084B094800F06CFDC0E901661D
:108DC0000660C6603CB1EB696268DB6853F822104C
:108DD000216043F8224070BD7CA20008FCA200087C
:108DE0002DE9F04107460C461E4600200D6901F1B1
:108DF000140CDCF80030013099B202FB01611E0C4A
:108E00000B0C02FB063389B201EB034185424FEAAA
:108E100013464CF8041BECDC0EB3A368AB4219DC20
:108E2000616838460131FFF77BFF804628B902466A
:108E3000BA210C4B0C4800F02DFD226904F10C0105
:108E4000023292000C3000F017FD21463846FFF741
:108E5000A5FF444604EB850301355E61256120468C
:108E6000BDE8F081EBA20008FCA200080346B0F5C3
:108E7000803F3ABF030410200020B3F1807F3CBF45
:108E80001B020830B3F1805F3CBF1B010430B3F11B
:108E9000804F3CBF9B000230002B05DB13F0804F5E
:108EA00000F1010008BF202070470368024613F05C
:108EB00007000BD0D90721D4980749BF5B089B084E
:108EC000012013605CBF02201360704799B209B99A
:108ED00010201B0CD9B209B908301B0A190704BFAE
:108EE0001B090430990704BF9B080230D90703D43B
:108EF0005B0800F1010003D0136070470020704749
:108F00002020704710B50C460121FFF709FF0246EB
:108F100028B940F24511044B044800F0BBFC012382
:108F20004461036110BD00BFEBA20008FCA2000871
:108F30002DE9F04FD1F81090D2F810A08846D14515
:108F4000144685B004DB53460C46CA469046994603
:108F5000A36861680AEB0906B342B8BF0131FFF7A5
:108F6000DFFE30B902464FF4B171434B434800F085
:108F700091FC00F114052B46002205EB8607BB424D
:108F80001FD304F1140C08F114010CEB8A0301EB5C
:108F9000890202921A1B153A22F0030215349C42F0
:108FA00088BF00220192029A03918A420CD8002EB7
:108FB00003DD57F8043D002B5CD0066105B0BDE829
:108FC000F08F43F8042BDAE7B1F800A0BAF1000FF4
:108FD00023D0E046A9464FF0000E58F8042BD9F8EC
:108FE00000401FFA82FBA4B20AFB0B447444D9F878
:108FF00000E0120C4FEA1E4E0AFB02E202EB1442A2
:10900000A4B244EA024443454FEA124E49F8044BE5
:10901000E3D8019AAA18C2F804E0039A0431B2F81E
:109020000280B8F1000F23D02A68E6469146AA468E
:109030004FF0000BBEF8004092B208FB04B404EB02
:10904000194442EA04424AF8042B5EF8042BDAF889
:1090500000904FEA124B1FFA89F208FB0B2273456E
:1090600002EB14424FEA124BE4D8019C2C196260C7
:10907000043598E7013E9AE7EBA20008FCA200083D
:109080002DE9F843174612F0030280460D4607D03B
:10909000264C013A002354F82220FFF7A1FE054692
:1090A000BF103FD0D8F81C4094B91020FFF782FDC4
:1090B0000446C8F81C0030B9024640F2B3111C4BFC
:1090C0001C4800F0E7FB0023C0E901330360C360E4
:1090D000A66846B940F271214046FFF713FF00230E
:1090E0000646A06003602C464FF0000907F001031C
:1090F0007F1053B1294632464046FFF719FF2146FB
:1091000005464046FFF74AFE67B1306838B9324637
:1091100031464046FFF70CFF3060C0F8009006462D
:109120002C46E3E72846BDE8F88300BFACA300085F
:109130007CA20008FCA200082DE9F84F0C46074667
:1091400015462369496803EB6218A3684FEA621A5F
:1091500008F101094B450BDB3846FFF7E1FD0646F8
:1091600048B902464FF4EF71274B284800F092FBB4
:1091700001315B00EEE70023194600F1140C00F109
:109180001002534534DB22692AEAEA7A0CEB8A0C96
:1091900004F1140315F01F0E614603EB82022BD07D
:1091A0000025CEF1200A8B461868043100FA0EF033
:1091B0002843CBF8000053F8045B9A4225FA0AF5DD
:1091C000F1D8131B153B23F0030304F115018A4268
:1091D00038BF00239C44CCF8045005B9C14638463A
:1091E0002146C6F81090FFF7D9FD3046BDE8F88F4C
:1091F00042F8041F0133C4E753F8045B04319A4278
:1092000041F8045CF8D8E9E7EBA20008FCA20008EA
:1092100003460A69006930B5801A0ED1143314313F
:1092200003EB820401EB820154F8045D51F8042D34
:10923000954203D005D24FF0FF3030BDA342F3D3A7
:10924000FBE70120F9E700002DE9F74F8A460646C3
:10925000114650461446FFF7DBFF051E12D1294682
:109260003046FFF75DFD024628B940F23721404BFA
:10927000404800F00FFB0123C0E90435104603B05D
:10928000BDE8F08FBCBF5346A2463046DAF8041062
:10929000BABF1C4601250025FFF742FD024618B95A
:1092A00040F24521324BE3E7C56000F11405AB46BF
:1092B0004FF0000CDAF8107026690AF1140904F175
:1092C000140E0AF1100309EB87080EEB86060193D2
:1092D000019B5EF8040B53F804AF81B201931FFAAF
:1092E0008AF35B1A000C6344C0EB1A4000EB234086
:1092F0009BB243EA004376454FEA204C4BF8043BCF
:10930000E6D8331B153B153423F00303A64238BFC0
:109310000023E8184B441C1D26460430A5EB090524
:10932000464506EB050E0ED308F10301091B21F09B
:1093300003010133984538BF0021014451F8043D31
:10934000A3B117619AE7E24656F8041B1FFA81FCA5
:10935000D4444FEA1149514409EB2C4989B241EAFE
:1093600009414FEA294CCEF80010D9E7013FE5E763
:10937000EBA20008FCA200082DE9734301219046EE
:109380009946089EFFF7CCFC044630B9024640F2ED
:109390000F31234B234800F07DFAC9F30A55C9F376
:1093A00013030DB143F480130193B8F1000324D0EB
:1093B00068460093FFF779FD0099E0B1019AC0F18A
:1093C000200302FA03F30B43C24063610192019B45
:1093D000002B0CBF01220222A3612261ADB1A5F2D4
:1093E000334505443560C0F13500099B18602046BF
:1093F00002B0BDE870836161E9E701A8FFF755FDA0
:10940000019B012263612030E7E7A0F2324004EBC8
:10941000820330601869FFF729FDC0EB4210E4E7D2
:10942000EBA20008FCA200082DE9F0471F468E6859
:109430008246BE420C469046334653D8B1F90C00E2
:1094400010F4906F2BD065692368096905EB450519
:10945000A3EB010905EBD5757B1C6D104B44AB42AA
:109460002A4684BF1D462A46430527D51146504645
:10947000FFF7CAFB064658B34A46216900F0FCF9DB
:10948000A38923F4906343F08003A38126614E44B3
:1094900026603B463E466561A5EB0905A5601F4673
:1094A0003A464146206800F0BDF90020A3689B1BA6
:1094B000A36023683B442360BDE8F087504600F07A
:1094C0002DFA06460028E1D150462169FFF72AFB14
:1094D0000C23CAF80030A3894FF0FF3043F040035B
:1094E000A381E9E73E46DBE72DE9F0471F468B897C
:1094F00006461B060D4614469CB010D50B6973B981
:109500004021FFF781FB2860286130B90C233360CC
:109510004FF0FF301CB0BDE8F08740236B610023A3
:10952000099320238DF8293030234FF00108039749
:10953000644F8DF82A302346994613F8012B0AB15F
:10954000252AF9D1B9EB040A0BD053462246294605
:109550003046FFF769FF013000F0A480099A5244B9
:10956000099299F80030002B00F09C8000234FF006
:10957000FF32CDE9052309F10109049307938DF822
:1095800053301A934C46052214F8011B4D48FEF740
:109590004AFC049BD0B9D80644BF20228DF8532042
:1095A000190744BF2B228DF8532099F800202A2A4E
:1095B00013D04C4600204FF00A0C079A214611F8B0
:1095C000013B303B092B49D968B913E0C01B08FAAD
:1095D00000F01843A1460490D4E7039A111D1268C5
:1095E0000391002A01DB079204E0524243F0020398
:1095F0000792049323782E2B0AD163782A2B32D139
:10960000039B02341A1D1B68039243EAE37305931C
:10961000DFF8B490032248462178FEF704FC38B105
:109620004022049BA0EB09008240134301340493C1
:1096300014F8011B062225488DF82810FEF7F3FBCD
:10964000002835D0224818BB039B073323F00703BB
:1096500008330393099B034409936CE70C460120EC
:109660000CFB0232AAE700234FF00A0C1946013422
:109670000593204610F8012B303A092A03D9002B14
:10968000C6D00591C4E7044601230CFB0121F0E795
:1096900003AB00932A4630460E4B04A9FDF720FE8B
:1096A000421CD7D1AB895B063FF532AF099831E751
:1096B00003AB00932A463046064B04A9FEF7AEF8EA
:1096C000EEE700BF55A300085BA300085FA30008F6
:1096D000E172000829940008B1F90C20F8B51607CA
:1096E00005460C4651D44B68002B02DC0B6C002B5A
:1096F00049DDE66A002E46D0002312F480522F681E
:109700002B6031D0626DA389590705D56368D21AE1
:10971000636B0BB1236CD21A00232846E66A216AD8
:10972000B047421CB4F90C3006D129681D2945D830
:10973000274ACA40D60741D5002262602269D9046F
:10974000226004D5421C01D12B6803B96065616BAE
:109750002F60C1B104F14403994202D02846FFF7BB
:10976000E1F9002363630EE001232846216AB04734
:109770000246501CC7D12B68002BC4D01D2B01D032
:10978000162B19D12F6000201DE00F69002FFAD091
:10979000930718BF00230E6808BF4B69F61B0F60C4
:1097A0008B60002EEFDD33463A462846216AD4F816
:1097B00028C0E047002807DCB4F90C304FF0FF3038
:1097C00043F04003A381F8BD0744361AE9E700BF20
:1097D0000100402038B50B6905460C4613B9002539
:1097E000284638BD18B1036A0BB9FEF7CBF9B4F9B6
:1097F0000C30002BF3D0626ED00704D4990502D44C
:10980000A06DFEF70EFB28462146FFF765FF636E4D
:109810000546DA07E4D4A3899B05E1D4A06DFEF7E1
:1098200001FBDDE7884210B501EB020402D9844256
:10983000234607D8431EA14207D011F8012B03F895
:10984000012FF8E70244824200D110BD13F8011D38
:1098500002F8011DF7E7000038B50023054D044666
:1098600008462B60FAF70CFB431C02D12B6803B1AE
:10987000236038BDFC0600200A44914200F1FF330A
:1098800000D1704710B511F8014B914203F8014F18
:10989000F9D110BD1FB514461A46094B05461B6881
:1098A000D8684CB1074BCDE9013400912B460649ED
:1098B00000F070F800F080F8044B1C46F3E700BF9E
:1098C0002000002070A300087DA30008ABA30008BF
:1098D00070B5A1FB025434B92946FFF795F9064645
:1098E00028B9304670BD0C2200260260F9E72A46EE
:1098F0002146FEF719FAF4E782B001B901A942B195
:109900004BB113780B601278101E18BF012002B003
:1099100070471046FBE76FF00100F8E72DE9F041D2
:10992000074614460D4621B91146BDE8F041FFF740
:109930006BB92AB9FFF7F6F825462846BDE8F0814D
:1099400000F041F88442064602D8B4EB500FF4D838
:1099500021463846FFF758F9804608B94546ECE7F6
:10996000B4422246294628BF3246FFF785FF2946E2
:109970003846FFF7D7F8F1E70346084641B1FF2A1A
:1099800004D98A224FF0FF301A60704701200A7014
:10999000704700000EB403B5014603AB054853F809
:1099A000042B0068019300F03DF802B05DF804EB71
:1099B00003B0704720000020062008B500F000FA30
:1099C0000120FAF7E8F951F8043C181F002BBCBF3E
:1099D0000B58C0187047936810B4013B002B93607C
:1099E00007DA9469A34201DB0A2902D110BC00F016
:1099F0002DB91368581C10601970084610BC7047C8
:109A0000F8B506460F461446D518AC4201D10020E1
:109A100007E03A46304614F8011BFFF7DCFF431C11
:109A2000F3D1F8BD2DE9F0470D4614461F46064612
:109A30009CB018B1036A0BB9FEF7A4F86B6ED90796
:109A400005D4AB899A0502D4A86DFEF7EAF9AB8973
:109A50001B0701D52B699BB92946304600F034F924
:109A600070B16B6EDC0704D54FF0FF301CB0BDE861
:109A7000F087AB899805F7D4A86DFEF7D3F9F3E723
:109A80000023099320238DF8293030234FF001085B
:109A90000397694F8DF82A302346994613F8012B16
:109AA0000AB1252AF9D1B9EB040A0BD05346224654
:109AB00029463046FFF7A4FF013000F0A480099A40
:109AC0005244099299F80030002B00F09C8000234A
:109AD0004FF0FF32CDE9052309F101090493079303
:109AE0008DF853301A934C46052214F8011B524846
:109AF000FEF799F9049BD0B9D90644BF20228DF80E
:109B000053201A0744BF2B228DF8532099F80020C8
:109B10002A2A13D04C4600204FF00A0C079A2146FF
:109B200011F8013B303B092B49D968B913E0C01B40
:109B300008FA00F01843A1460490D4E7039A111DD7
:109B400012680391002A01DB079204E0524243F0BD
:109B500002030792049323782E2B0AD163782A2BD1
:109B600032D1039B02341A1D1B68039243EAE3734C
:109B70000593DFF8C890032248462178FEF753F991
:109B800038B14022049BA0EB09008240134301340A
:109B9000049314F8011B062229488DF82810FEF7BB
:109BA00042F900283ED0274818BB039B073323F017
:109BB000070308330393099B034409936CE70C469E
:109BC00001200CFB0232AAE700234FF00A0C1946D1
:109BD00001340593204610F8012B303A092A03D9A5
:109BE000002BC6D00591C4E7044601230CFB0121DC
:109BF000F0E703AB00932A463046134B04A9FDF768
:109C00006FFB431CD7D16B6ED90705D4AB899A057E
:109C100002D4A86DFEF706F9AB895B063FF524AFC9
:109C2000099823E703AB00932A463046064B04A964
:109C3000FDF7F4FDE5E700BF55A300085BA30008AE
:109C40005FA30008E1720008019A0008F8B50E460B
:109C50001446054618B1036A0BB9FDF793FFA369D3
:109C6000A360A3891A0701D5236943B92146284671
:109C700000F02AF818B14FF0FF373846F8BD2368D6
:109C80002269F6B2981A63693746834205DC214699
:109C90002846FFF79FFD0028EDD1A368013BA36094
:109CA00023685A1C22601E706269431C9A4204D0C9
:109CB000A389DB07E1D50A2EDFD121462846FFF72D
:109CC00089FD0028D9D0D6E738B5284B0546186855
:109CD0000C4618B1036A0BB9FDF754FFB4F90C3008
:109CE0001A0721D4D80607D409222A6043F040037A
:109CF0004FF0FF30A38130E0590712D5616B41B1BD
:109D000004F14403994202D02846FEF70BFF0023DA
:109D100063630022B4F90C306260226923F02403EB
:109D2000226043F00803A38122693AB99A0501D55C
:109D3000180603D52146284600F082F8B4F90C3005
:109D400013F001020AD00022A26062695242A261AD
:109D5000226942B913F08000C8D138BD990758BFB5
:109D60006269A260F4E70020F7E700BF200000204E
:109D70001F2938B505460C4604D9162303604FF059
:109D8000FF3038BDC26B12B152F821304BB92846B2
:109D900000F030F8224601462846BDE8384000F081
:109DA00017B8012B0AD0591C03D1162303600120D8
:109DB000E7E70021204642F8241098470020E0E71A
:109DC000024B01461868FFF7D3BF00BF20000020F8
:109DD00038B50023064D0446084611462B60F9F7B6
:109DE000CAFF431C02D12B6803B1236038BD00BFFA
:109DF000FC060020F9F7B8BF70B50C46B1F90E109B
:109E0000154600291E4696B00ADAA18911F0800194
:109E100013D14FF48062002031602A6016B070BD0B
:109E20006A4600F047F80028EFDB019901F4704121
:109E3000A1F5005359425941EBE700214022EAE7DE
:109E40008B8973B59E0705460C4607D504F1470379
:109E5000236023610123636102B070BD01AB6A46D8
:109E6000FFF7CAFF009E28463146FEF7CDFEB4F943
:109E70000C3038B99A05EFD423F0030343F0020302
:109E8000A381E3E743F08003A381019BC4E90406B7
:109E90002060002BE0D02846B4F90E1000F01CF82A
:109EA0000028D9D0A38923F0030343F00103A38141
:109EB000D2E7000038B50023064D04460846114697
:109EC0002B60F9F7B7FF431C02D12B6803B1236065
:109ED00038BD00BFFC06002038B50023054D044600
:109EE00008462B60F9F7B5FF431C02D12B6803B17C
:109EF000236038BDFC060020F8B500BFF8BC08BCE4
:109F00009E467047F8B500BFF8BC08BC9E46704737
:109F1000496E696369616E646F2E2E2E0D0A000012
:109F20004552524F523A2048583731310D0A0000FD
:109F30004552524F523A434F4C415F4C4C454E4173
:109F40000D0A00005065736F3A20256C640D0A00FD
:109F50004552524F523A0D0A000000003A4445540F
:109F6000454E49444F0D0A004552522C5253343845
:109F7000352C4E4F5F53455F5055444F5F454E560D
:109F80004941525F524553554C5441444F0D0A00CC
:109F90004552522C52533438352C4E4F5F53455F47
:109FA0005055444F5F454E564941525F504F4E47C2
:109FB0000D0A00004552522C52533438352C4E4F66
:109FC0005F53455F5055444F5F454E564941525F80
:109FD00045535441444F0D0A000000004552522C95
:109FE00052533438352C4E4F5F53455F5055444FD4
:109FF0005F454E564941525F4556454E544F5F436B
:10A00000494E54410D0A00004552522C52533438E7
:10A01000352C4E4F5F53455F5055444F5F454E566C
:10A020004941525F4556454E544F5F5045534F0D81
:10A030000A0000004552522C52533438352C4E4FF2
:10A040005F53455F5055444F5F524553504F4E4408
:10A0500045525F53494E5F4556454E544F0D0A00D9
:10A060003A512C25752C25752C256C752C256C7575
:10A070002C256C640D0A0000414354495641444F5D
:10A080000D0A0000444553414354495641444F0D85
:10A090000A000000434F4E4649475552414E444F37
:10A0A0002E2E2E0D0A000000546172653A20256C98
:10A0B000640D0A00466163746F723A20252E36667D
:10A0C0000D0A00004552524F523A204E4F20544143
:10A0D00052410D0A000000004552524F523A204FA3
:10A0E000424A45544F204E4F20434C415349464924
:10A0F0004341444F2025750D0A0000004552524F40
:10A10000523A20434F4C41204C4C454E410D0A00E1
:10A110000000000000000000010203040607080917
:10A1200000000000010203040203040506070809F9
:10A130000A0B0C0D0E0F1010010200202020202011
:10A1400020202020282828282820202020202020E7
:10A1500020202020202020202020208810101010D7
:10A16000101010101010101010101004040404042B
:10A170000404040404101010101010104141414157
:10A18000414101010101010101010101010101013F
:10A190000101010101011010101010104242424251
:10A1A000424202020202020202020202020202020F
:10A1B0000202020202021010101020000000000033
:10A1C000000000000000000000000000000000008F
:10A1D000000000000000000000000000000000007F
:10A1E000000000000000000000000000000000006F
:10A1F000000000000000000000000000000000005F
:10A20000000000000000000000000000000000004E
:10A21000000000000000000000000000000000003E
:10A22000000000000000000000000000000000002E
:10A230000000000000000000000000494E460069D8
:10A240006E66004E414E006E616E0030003031325D
:10A25000333435363738394142434445460030318E
:10A2600032333435363738396162636465660049A4
:10A270006E66696E697479004E614E005245454EB6
:10A2800054206D616C6C6F632073756363656564E6
:10A290006564002F6275696C642F676E752D746F2D
:10A2A0006F6C732D666F722D73746D33325F313442
:10A2B0002E332E72656C312E3230323531303237DA
:10A2C0002D303730302F7372632F6E65776C696273
:10A2D0002F6E65776C69622F6C6962632F7374648B
:10A2E0006C69622F64746F612E630042616C6C6FE5
:10A2F0006320737563636565646564002F627569C7
:10A300006C642F676E752D746F6F6C732D666F7232
:10A310002D73746D33325F31342E332E72656C3190
:10A320002E32303235313032372D303730302F73D6
:10A3300072632F6E65776C69622F6E65776C6962E8
:10A340002F6C6962632F7374646C69622F6D707215
:10A3500065632E6300232D302B2000686C4C006554
:10A360006667454647004300504F534958002E004A
:10A370002C2066756E6374696F6E3A20006173738A
:10A38000657274696F6E2022257322206661696C84
:10A3900065643A2066696C6520222573222C206C46
:10A3A000696E65202564257325730A000500000089
:10A3B000190000007D0000000080E03779C34143B0
:10A3C000176E05B5B5B89346F5F93FE9034F384D1B
:10A3D000321D30F94877825A3CBF737FDD4F1575C7
:10A3E000000000000000F03F0000000000002440DA
:10A3F00000000000000059400000000000408F40B5
:10A40000000000000088C34000000000006AF8401F
:10A410000000000080842E4100000000D012634143
:10A420000000000084D797410000000065CDCD41B9
:10A43000000000205FA00242000000E8764837429A
:10A44000000000A2941A6D42000040E59C30A24238
:10A450000000901EC4BCD64200003426F56B0C43AD
:10A460000080E03779C3414300A0D8855734764354
:10A4700000C84E676DC1AB43003D9160E458E143B5
:10A48000408CB5781DAF154450EFE2D6E41A4B442A
:10A4900092D54D06CFF08044F64AE1C7022DB5446F
:08A4A000B49DD9794378EA4428
:08A4A800A85CFF7F0100000029
:04A4B000350100086A
:04A4B400110100088A
:10A4B8000000803F0200000000127A001000000037
:10A4C800010000000000000003000000C00500209B
:10A4D8002400002000000000C005002028060020FD
:10A4E80090060020000000000000000000000000AE
:10A4F8000000000000000000000000000000000054
:10A508000000000000000000000000000000000043
:10A518000000000000000000000000000000000033
:10A5280043000000000000000000000000000000E0
:10A538000000000000000000000000000000000013
:10A5480043000000000000000000000000000000C0
:10A5580000000000000000000000000000000000F3
:10A5680043000000000000000000000000000000A0
:10A5780000000000000000000000000000000000D3
:10A588004300000000000000000000000000000080
:10A5980000000000000000000000000000000000B3
:10A5A8004300000000000000000000000000000060
:10A5B8000000000000000000000000000000000093
:10A5C8004300000000000000000000000000000040
:10A5D8000000000000000000000000000000000073
:10A5E8004300000000000000000000000000000020
:10A5F8000000000000000000000000000000000053
:10A6080079990008F9980008000000003AA10008AC
:10A618006EA30008ABA30008ABA30008ABA3000817
:10A62800ABA30008ABA30008ABA30008ABA30008CA
:10A63800ABA30008ABA30008FFFFFFFFFFFFFFFF6E
:10A64800FFFFFFFFFFFF000001004153434949009E
:10A6580000000000000000000000000000000000F2
:10A668000000000000000000000041534349490079
:10A6780000000000000000000000000000000000D2
:0CA68800000000000000000000000000C6
:0400000508001415C6
:00000001FF
